Date,Time,Refund Expiration,Receipt,Item,Amount,Quantity,Txn Type,TID,Upsell From,Has Upsells,Line Item Type,Pmt,Currency,Commission Attribution,CC&#8225;,St.
3/6/2020,15:15:00,N/A,96V86ASB,rfnd-0004,-1,1,Charge,,,,Original,,,Hop,,
3/6/2020,15:15:00,N/A,96V86ASB,417,0,1,Refund,hackvidalytics,,,Original,PYPL,USD,Hop,US,PA
3/6/2020,11:30:00,N/A,CXVBA7PQ,lbhdtea3discount,-86.12,1,Refund,,,,Original,PYPL,USD,Hop,US,CO
3/6/2020,4:35:00,8/3/2020,NDFIQNJC-B005,LBHTEA1,77.28,1,Rebill,,,,Original,VISA,USD,Hop,US,AR
3/6/2020,4:20:00,8/3/2020,FXX3U96K-B005,FBHSA17,41.83,1,Rebill,,,,Original,MSTR,USD,Hop,US,TX
3/6/2020,4:18:00,8/3/2020,4MKI73RK-B011,LBHTEA1-N,78.55,1,Rebill,,,,Original,VISA,USD,Hop,US,OR
4/6/2020,8:17:00,8/4/2020,C5ZRU9CX-B005,FBHSA17,41.81,1,Rebill,,,,Original,PYPL,USD,Hop,US,NC
4/6/2020,8:17:00,8/4/2020,XQJIXNP2-B002,LBHTEA1,77.3,1,Rebill,,,,Original,PYPL,USD,Hop,US,AZ
4/6/2020,7:34:00,8/4/2020,KWZIFNG9-B006,FBHSA17,41.83,1,Rebill,,,,Original,PYPL,USD,Hop,US,TX
4/6/2020,4:14:00,8/4/2020,8M72VANR-B012,LBHTEA1,24.89,1,Rebill,,,,Original,MSTR,USD,Hop,US,FL
5/6/2020,19:53:00,8/5/2020,G4JPA7RR,lbhdtea3,93.7,1,Sale,,YGJPA72V,,Upsell,VISA,USD,Hop,US,VA
5/6/2020,19:21:00,8/5/2020,YGJPA72V,417,0,1,Sale,hackvidalytics,,G4JPA7RR,Original,VISA,USD,Hop,US,VA
5/6/2020,19:21:00,8/5/2020,YGJPA72V,OB-ACS,0,1,Sale,hackvidalytics,,G4JPA7RR,Bump,VISA,USD,Hop,US,VA
5/6/2020,19:21:00,8/5/2020,YGJPA72V,OB-LBHA,0,1,Sale,hackvidalytics,,G4JPA7RR,Bump,VISA,USD,Hop,US,VA
5/6/2020,19:21:00,8/5/2020,YGJPA72V,OB-Package,0,1,Sale,hackvidalytics,,G4JPA7RR,Bump,VISA,USD,Hop,US,VA
5/6/2020,18:43:00,8/5/2020,NML86A8T,LBBEXTRA3,42.83,1,Sale,,CGL86AR3,,Upsell,VISA,USD,Hop,US,PA
5/6/2020,18:40:00,8/5/2020,CGL86AR3,LBB6,97.54,1,Sale,,,NML86A8T,Original,VISA,USD,Hop,US,PA
5/6/2020,16:22:00,8/5/2020,9JMIZNYX,LBB1,0,1,Sale,,,,Original,VISA,USD,Hop,US,CA
5/6/2020,13:30:00,8/5/2020,RJL86AL3,LBB3,0,1,Sale,,,,Original,VISA,USD,Hop,US,CA
5/6/2020,9:53:00,8/5/2020,8SL86AX4,LBB6,98.75,1,Sale,,,,Original,PYPL,USD,Hop,US,FL
5/6/2020,7:15:00,8/5/2020,BTMIZN9T,LBBEXTRA3,43.02,1,Sale,,VCZIZNCC,,Upsell,PYPL,USD,Hop,US,MT
5/6/2020,7:11:00,8/5/2020,VCZIZNCC,LBB3,0,1,Sale,,,BTMIZN9T,Original,PYPL,USD,Hop,US,MT
5/6/2020,6:50:00,8/5/2020,7CVVU9T8,LBHTEA1-N,7,1,Sale-RB,,,,Original,VISA,USD,Hop,US,TX
5/6/2020,5:08:00,8/5/2020,DVPPA7RQ,LBBEXTRA3,42.74,1,Sale,,DVPPA7T6,,Upsell,VISA,USD,Hop,US,NY
5/6/2020,5:06:00,8/5/2020,DVPPA7T6,LBB6,96.95,1,Sale,,,DVPPA7RQ,Original,VISA,USD,Hop,US,NY
5/6/2020,4:37:00,8/5/2020,5V2PU9K8-B006,LBHTEA1,77.44,1,Rebill,,,,Original,MSTR,USD,Hop,US,IL
5/6/2020,4:04:00,8/5/2020,W7QC6ALS-B007,LBHTEA1,77.32,1,Rebill,,,,Original,VISA,USD,Hop,US,NY
5/6/2020,3:55:00,8/5/2020,WZMFU9HT-B004,FBHSA17,42.06,1,Rebill,,,,Original,AMEX,USD,Hop,US,CA
6/6/2020,12:23:00,8/6/2020,Y25IZNWL,LBB3,0,1,Sale,,,,Original,VISA,USD,Hop,US,MD
6/6/2020,10:53:00,8/6/2020,XXTPA7JQ,lbhdtea3n,130.2,1,Sale,,,,Original,AMEX,USD,Hop,US,FL
6/6/2020,6:46:00,8/6/2020,RQ486AF6,417,0,1,Sale,hackvidalytics,,,Original,VISA,USD,Hop,US,GA
6/6/2020,6:46:00,8/6/2020,RQ486AF6,OB-LBHA,0,1,Sale,hackvidalytics,,,Bump,VISA,USD,Hop,US,GA
6/6/2020,6:46:00,8/6/2020,RQ486AF6,OB-ACS,0,1,Sale,hackvidalytics,,,Bump,VISA,USD,Hop,US,GA
6/6/2020,4:21:00,8/6/2020,QGPI93SJ-B013,FBHSA17,41.84,1,Rebill,,,,Original,VISA,USD,Hop,US,PA
6/6/2020,4:05:00,8/6/2020,7YW3VA6R-B009,LBHTEA1,42.77,1,Rebill,,,,Original,DISC,USD,Hop,US,FL
6/6/2020,3:57:00,8/6/2020,GHDGU9D9-B006,FBHSA17,42.06,1,Rebill,,,,Original,VISA,USD,Hop,US,OK
7/6/2020,22:15:00,8/7/2020,38B86ANV,LBB1,0,1,Sale,,,,Original,PYPL,USD,Hop,US,CA
7/6/2020,18:54:00,8/7/2020,G3KVU97V,417,0,1,Sale,hackvidalytics,,,Original,VISA,USD,Hop,US,NC
7/6/2020,15:35:00,8/7/2020,JHDPA7MX,LBHTEA1-N,7,1,Sale-RB,,,,Original,VISA,USD,Hop,US,WA
7/6/2020,13:38:00,8/7/2020,FF786AFV,417,0,1,Sale,hackvidalytics,,,Original,VISA,USD,Hop,US,CA
7/6/2020,12:10:00,N/A,PD366AYL,lbhdtea3n,-70.16,1,Refund,,,,Original,VISA,USD,Hop,US,NC
7/6/2020,5:20:00,8/7/2020,K3WIZNGK,417,0,1,Sale,hackvidalytics,,,Original,AMEX,USD,Hop,US,GA
7/6/2020,4:14:00,8/7/2020,2FNMA75H-B006,LBHTEA1,77.45,1,Rebill,,,,Original,VISA,USD,Hop,US,PA
7/6/2020,4:08:00,8/7/2020,8H3T6AMW-B008,FBHSA17,42.06,1,Rebill,,,,Original,VISA,USD,Hop,US,NV
7/6/2020,4:06:00,8/7/2020,M2THUFCQ-B012,LBHTEA1,24.8,1,Rebill,,,,Original,VISA,USD,Hop,US,MD
7/6/2020,4:04:00,8/7/2020,JG5JUFWS-B011,FBHSA17,41.82,1,Rebill,,,,Original,AMEX,USD,Hop,US,OH
8/6/2020,14:41:00,8/8/2020,8Y5PA7WQ,LBB3,0,1,Sale,,,,Original,AMEX,USD,Hop,US,NY
8/6/2020,13:18:00,8/8/2020,QD5PA7Z8,LBBEXTRA3,42.81,1,Sale,,QD5PA79M,,Upsell,PYPL,USD,Hop,US,NJ
8/6/2020,13:14:00,8/8/2020,QD5PA79M,LBB3,0,1,Sale,,,QD5PA7Z8,Original,PYPL,USD,Hop,US,NJ
8/6/2020,12:49:00,8/8/2020,G46IZNV4,LBBEXTRA3,42.8,1,Sale,,G46IZNF4,,Upsell,VISA,USD,Hop,US,GA
8/6/2020,12:48:00,8/8/2020,G46IZNF4,LBB1,0,1,Sale,,,G46IZNV4,Original,VISA,USD,Hop,US,GA
8/6/2020,12:31:00,8/8/2020,G46IZNSG,LBBEXTRA3,42.82,1,Sale,,G46IZNWG,,Upsell,AMEX,USD,Hop,US,TX
8/6/2020,12:31:00,8/8/2020,G46IZNXL,LBB3,0,1,Sale,,,,Original,PYPL,USD,Hop,US,OH
8/6/2020,12:30:00,8/8/2020,G46IZNWG,LBB3,0,1,Sale,,,G46IZNSG,Original,AMEX,USD,Hop,US,TX
8/6/2020,11:39:00,8/8/2020,DKH86ARL,LBB1,0,1,Sale,,,,Original,VISA,USD,Hop,US,CA
8/6/2020,10:19:00,8/8/2020,46H86AG8,11,0,1,Sale,,,,Original,MSTR,EUR,Hop,BE,
8/6/2020,10:19:00,8/8/2020,46H86AG8,Order-Bump-2,0,1,Sale,,,,Bump,MSTR,EUR,Hop,BE,
8/6/2020,7:32:00,8/8/2020,XDT8A7KM-B005,LBHTEA1,77.41,1,Rebill,,,,Original,PYPL,USD,Hop,US,UT
8/6/2020,7:20:00,8/8/2020,P2BGU9R6-B006,FBHSA17,41.83,1,Rebill,,,,Original,PYPL,USD,Hop,US,TX
9/6/2020,16:47:00,8/9/2020,WT9PA7KK,LBHTEA1-N,52.03,1,Sale-RB,,,,Original,DISC,USD,Hop,US,FL
9/6/2020,15:09:00,8/9/2020,5V9IZN5F,LBBEXTRA3,42.82,1,Sale,,5V9IZNKK,,Upsell,PYPL,USD,Hop,US,TX
9/6/2020,15:06:00,8/9/2020,5V9IZNKK,LBB3,26.86,1,Sale,,,5V9IZN5F,Original,PYPL,USD,Hop,US,TX
9/6/2020,12:12:00,8/9/2020,V9G86AWZ,IMMBOX,26.7,1,Sale-RB,,V9G86AVX,,Upsell,MSTR,USD,Hop,US,CA
9/6/2020,12:11:00,8/9/2020,V9G86A2X,LBBEXTRA3,42.79,1,Sale,,V9G86AVX,,Upsell,MSTR,USD,Hop,US,CA
9/6/2020,12:10:00,8/9/2020,V9G86AVX,LBB1,10.65,1,Sale,,,"V9G86A2X,V9G86AWZ",Original,MSTR,USD,Hop,US,CA
9/6/2020,11:37:00,8/9/2020,5R9PA746,LBB1,10.64,1,Sale,,,,Original,MSTR,USD,Hop,US,CA
9/6/2020,4:28:00,8/9/2020,BHHIFNCV-B006,FBHSA17,42.06,1,Rebill,,,,Original,VISA,USD,Hop,US,FL
9/6/2020,4:25:00,8/9/2020,Q3GRU9BF-B005,LBHTEA1,77.83,1,Rebill,,,,Original,DISC,USD,Hop,US,FL
9/6/2020,4:22:00,8/9/2020,N4SGABWH-B013,FBHSA17,42.06,1,Rebill,,,,Original,MSTR,USD,Hop,US,CA
9/6/2020,4:10:00,8/9/2020,ZZPHABSC-B010,FBHSA17,21.08,1,Rebill,,,,Original,AMEX,USD,Hop,US,AL
9/6/2020,4:02:00,8/9/2020,LWCC6APB-B008,FBHSA17,42.06,1,Rebill,,,,Original,MSTR,USD,Hop,US,NY
9/6/2020,4:01:00,8/9/2020,DNN4UF3F-B014,LBHTEA1,77.28,1,Rebill,,,,Original,MSTR,USD,Hop,US,CA
9/6/2020,3:59:00,8/9/2020,LJTIH3QH-B013,FBHSA17,41.86,1,Rebill,,,,Original,VISA,USD,Hop,US,WI
10/6/2020,18:52:00,8/10/2020,R9SVU9BS,LBB3,26.82,1,Sale,,,,Original,MSTR,USD,Hop,US,CO
10/6/2020,18:37:00,8/10/2020,NL2PA7RR,LBB6,97.48,1,Sale,,,,Original,VISA,USD,Hop,US,TX
10/6/2020,16:40:00,8/10/2020,GSY86AYH,LBBEXTRA3,42.89,1,Sale,,2CY86ATS,,Upsell,VISA,USD,Hop,US,LA
10/6/2020,14:32:00,8/10/2020,T6SVU994,LBB1,10.61,1,Sale,,,,Original,MSTR,USD,Hop,US,AL
10/6/2020,14:21:00,8/10/2020,2CY86ATS,LBB1,10.68,1,Sale,,,GSY86AYH,Original,VISA,USD,Hop,US,LA
10/6/2020,8:36:00,8/10/2020,2KHVU9FH,LBB1,10.64,1,Sale,,,,Original,VISA,USD,Hop,US,GA
10/6/2020,4:20:00,8/10/2020,RTPMU9YL-B008,FBHSA17,41.71,1,Rebill,,,,Original,VISA,USD,Hop,US,TN
10/6/2020,4:04:00,8/10/2020,7YR7A7XR-B003,LBHTEA1-N,77.83,1,Rebill,,,,Original,MSTR,USD,Hop,US,FL
10/6/2020,3:57:00,8/10/2020,599FU9Q4-B004,FBHSA17,42.06,1,Rebill,,,,Original,VISA,USD,Hop,US,MA
11/6/2020,19:21:00,8/11/2020,HBPIZNYV,LBBEXTRA3,42.77,1,Sale,,HBPIZNZV,,Upsell,VISA,USD,Hop,US,CA
11/6/2020,19:20:00,8/11/2020,HBPIZNZV,LBB3,26.81,1,Sale,,,HBPIZNYV,Original,VISA,USD,Hop,US,CA
11/6/2020,15:59:00,8/11/2020,M43PA7M7,LBB3,26.85,1,Sale,,,,Original,VISA,USD,Hop,US,NJ
11/6/2020,13:25:00,N/A,9JMIZNYX,LBB1,0,1,Refund,,,,Original,VISA,USD,Hop,US,CA
11/6/2020,13:25:00,N/A,9JMIZNYX,rfnd-0004,-1,1,Charge,,,,Original,,,Hop,,
11/6/2020,13:12:00,8/11/2020,ZHM86A5B,LBB3,26.8,1,Sale,,,,Original,DISC,USD,Hop,US,OK
11/6/2020,12:45:00,8/11/2020,XKLVU9QS,LBB1,10.66,1,Sale,,,,Original,PYPL,USD,Hop,US,TX
11/6/2020,11:43:00,8/11/2020,XKLVU9DX,LBB1,10.72,1,Sale,,,,Original,MSTR,USD,Hop,US,OR
11/6/2020,11:38:00,8/11/2020,S47IZN69,LBB3,26.86,1,Sale,,,,Original,PYPL,USD,Hop,US,MA
11/6/2020,6:46:00,8/11/2020,X6QI936P-B013,LBHTEA1,77.32,1,Rebill,,,,Original,PYPL,USD,Hop,US,NY
11/6/2020,4:19:00,8/11/2020,QLPIFNLK-B006,FBHSA17,42.06,1,Rebill,,,,Original,VISA,USD,Hop,US,FL
11/6/2020,3:40:00,8/11/2020,PFY86AVH,FBHSA17,0,1,Sale-RB,,PFY86AZ7,,Upsell,PYPL,USD,Hop,US,IN
11/6/2020,3:31:00,8/11/2020,PFY86AY7,LBBEXTRA3,42.8,1,Sale,,PFY86AZ7,,Upsell,PYPL,USD,Hop,US,IN
11/6/2020,3:29:00,8/11/2020,PFY86AZ7,LBB6,97.33,1,Sale,,,"PFY86AY7,PFY86AVH",Original,PYPL,USD,Hop,US,IN
12/6/2020,17:40:00,8/12/2020,THN86APM,LBHTEA1-N,51.71,1,Sale-RB,,,,Original,VISA,USD,Hop,US,NM
12/6/2020,17:34:00,8/12/2020,THN86AVY,LBBEXTRA3,42.84,1,Sale,,THN86A3G,,Upsell,MSTR,USD,Hop,US,VA
12/6/2020,17:29:00,8/12/2020,THN86A3G,LBB3,26.86,1,Sale,,,THN86AVY,Original,MSTR,USD,Hop,US,VA
12/6/2020,16:08:00,8/12/2020,THN86ANT,LBB1,10.66,1,Sale,,,,Original,MSTR,USD,Hop,US,IL
12/6/2020,15:04:00,8/12/2020,V4N86AMK,LBB1,10.65,1,Sale,,,,Original,VISA,USD,Hop,US,CA
12/6/2020,13:00:00,8/12/2020,2N8IZNP9,LBB3,26.86,1,Sale,,,,Original,VISA,USD,Hop,US,TX
12/6/2020,12:53:00,8/12/2020,FL4PA7R7,LBBEXTRA3,42.8,1,Sale,,FL4PA7WB,,Upsell,VISA,USD,Hop,US,MN
12/6/2020,12:50:00,8/12/2020,FL4PA7WB,LBB1,10.65,1,Sale,,,FL4PA7R7,Original,VISA,USD,Hop,US,MN
12/6/2020,12:14:00,8/12/2020,4F4PA7PH,IMMBOX,26.7,1,Sale-RB,,4F4PA7W2,,Upsell,VISA,USD,Hop,US,SC
12/6/2020,12:09:00,8/12/2020,4F4PA7HV,LBBEXTRA3,42.81,1,Sale,,4F4PA7W2,,Upsell,VISA,USD,Hop,US,SC
12/6/2020,12:02:00,8/12/2020,4F4PA7W2,LBB1,10.65,1,Sale,,,"4F4PA7HV,4F4PA7PH",Original,VISA,USD,Hop,US,SC
12/6/2020,11:30:00,8/12/2020,XFWVU9WG,LBB3,26.86,1,Sale,,,,Original,VISA,USD,Hop,US,IL
12/6/2020,10:12:00,8/12/2020,KSN86AR5,LBB3,26.8,1,Sale,,,,Original,VISA,USD,Hop,US,CA
12/6/2020,8:46:00,8/12/2020,8B8IZNXT,LBBEXTRA3,43.02,1,Sale,,GT8IZN6C,,Upsell,MSTR,USD,Hop,US,FL
12/6/2020,8:42:00,8/12/2020,GT8IZN6C,LBB6,98.75,1,Sale,,,8B8IZNXT,Original,MSTR,USD,Hop,US,FL
12/6/2020,8:00:00,8/12/2020,3XVPA7QH,LBBEXTRA3,42.84,1,Sale,,3XVPA744,,Upsell,PYPL,USD,Hop,US,MA
12/6/2020,7:59:00,8/12/2020,3XVPA744,LBB3,26.86,1,Sale,,,3XVPA7QH,Original,PYPL,USD,Hop,US,MA
12/6/2020,7:38:00,8/12/2020,MNHPVALY-B010,FBHSA17,21.24,1,Rebill,,,,Original,PYPL,USD,Hop,US,NY
12/6/2020,7:07:00,8/12/2020,XYJZAB8S-B009,FBHSA17,42.06,1,Rebill,,,,Original,PYPL,USD,Hop,US,CA
12/6/2020,6:45:00,8/12/2020,6NK7A77H-B003,LBHTEA1-N,77.29,1,Rebill,,,,Original,PYPL,USD,Hop,US,AR
12/6/2020,4:21:00,8/12/2020,37LPVAV6-B010,FBHSA17,21.07,1,Rebill,,,,Original,MSTR,USD,Hop,US,AR
06/13/2020,22:36:00,8/13/2020,MY386AMC,LBB3,26.83,1,Sale,,,,Original,MSTR,USD,Hop,US,MO
06/13/2020,19:14:00,8/13/2020,55SIZNVF,LBB3,26.86,1,Sale,,,,Original,VISA,USD,Hop,US,VA
06/13/2020,18:35:00,N/A,XYJZAB8S-B009,FBHSA17,-42.06,1,Refund,,,,Original,PYPL,USD,Hop,US,CA
06/13/2020,17:13:00,8/13/2020,TZYVU9BX,LBB1,10.64,1,Sale,,,,Original,PYPL,USD,Hop,US,NY
06/13/2020,14:34:00,8/13/2020,G8XPA75F,LBB3,26.8,1,Sale,,,,Original,VISA,USD,Hop,US,NY
06/13/2020,13:46:00,8/13/2020,2QXPA769,LBB6,97.48,1,Sale,,,,Original,PYPL,USD,Hop,US,TX
06/13/2020,12:39:00,8/13/2020,J2SIZNHN,LBBEXTRA3,42.83,1,Sale,,J2SIZNY3,,Upsell,MSTR,USD,Hop,US,MI
06/13/2020,12:36:00,8/13/2020,J2SIZNY3,LBB1,10.66,1,Sale,,,J2SIZNHN,Original,MSTR,USD,Hop,US,MI
06/13/2020,8:31:00,8/13/2020,82P86A4H,LBB3,26.86,1,Sale,,,,Original,VISA,USD,Hop,US,MD
06/13/2020,8:03:00,8/13/2020,82P86APX,LBBEXTRA3,42.78,1,Sale,,82P86AHX,,Upsell,MSTR,USD,Hop,US,SC
06/13/2020,8:02:00,8/13/2020,82P86AHX,LBB6,97.13,1,Sale,,,82P86APX,Original,MSTR,USD,Hop,US,SC
06/13/2020,7:48:00,8/13/2020,XTCVU9M5,LBB1,10.66,1,Sale,,,,Original,VISA,USD,Hop,US,IL
06/13/2020,7:41:00,8/13/2020,TQP86ANN,LBB3,27,1,Sale,,,,Original,VISA,USD,Hop,US,FL
06/13/2020,6:38:00,8/13/2020,QKCVU9F4,LBB1,10.65,1,Sale,,,,Original,VISA,USD,Hop,US,MN
06/13/2020,5:28:00,8/13/2020,88CVU99S,LBB3,26.81,1,Sale,,,,Original,MSTR,USD,Hop,US,CA
06/13/2020,5:27:00,8/13/2020,88CVU9BH,LBB1,10.72,1,Sale,,,,Original,PYPL,USD,Hop,US,FL
06/13/2020,4:09:00,8/13/2020,PXWK6A78-B002,LBHTEA1-N,77.44,1,Rebill,,,,Original,MSTR,USD,Hop,US,TX
06/14/2020,20:02:00,8/14/2020,DBSJA7RK,LBB3,26.83,1,Sale,,,,Original,VISA,USD,Hop,US,AZ
06/14/2020,19:55:00,8/14/2020,5XTL6A8Y,LBB3,26.86,1,Sale,,,,Original,VISA,USD,Hop,US,MD
06/14/2020,18:03:00,8/14/2020,XFTIMNDG,LBB1,10.66,1,Sale,,,,Original,VISA,USD,Hop,US,NJ
06/14/2020,17:34:00,8/14/2020,5WTL6A4V,LBBEXTRA3,42.84,1,Sale,,5WTL6A2Z,,Upsell,AMEX,USD,Hop,US,SC
06/14/2020,17:32:00,8/14/2020,5WTL6A2Z,LBB6,97.54,1,Sale,,,5WTL6A4V,Original,AMEX,USD,Hop,US,SC
06/14/2020,16:39:00,8/14/2020,R668U9ZH,LBB3,26.86,1,Sale,,,,Original,VISA,USD,Hop,US,AZ
06/14/2020,12:53:00,8/14/2020,FL7VU9BG,LBB1,10.64,1,Sale,,,,Original,VISA,USD,Hop,US,OK
06/14/2020,10:52:00,8/14/2020,347VU9Z5,LBB1,10.65,1,Sale,,,,Original,MSTR,USD,Hop,US,IN
06/14/2020,8:34:00,8/14/2020,P8D86ALM,LBB1,10.63,1,Sale,,,,Original,PYPL,USD,Hop,US,CA
06/14/2020,8:11:00,8/14/2020,LF3PU9FF-B007,FBHSA17,41.89,1,Rebill,,,,Original,PYPL,USD,Hop,US,HI
06/14/2020,7:13:00,8/14/2020,LJD86ALB,LBB1,10.64,1,Sale,,,,Original,VISA,USD,Hop,US,NY
06/14/2020,4:34:00,8/14/2020,3R7VU9JN,LBB3,26.86,1,Sale,,,,Original,MSTR,USD,Hop,US,MI
06/14/2020,4:26:00,8/14/2020,CBH3U9TB-B005,FBHSA17,42.06,1,Rebill,,,,Original,VISA,USD,Hop,US,IL
06/15/2020,20:25:00,8/15/2020,46X8U9C9,LBB1,10.64,1,Sale,,,,Original,VISA,USD,Hop,US,MO
06/15/2020,19:48:00,8/15/2020,46X8U9D6,IMMBOX,26.7,1,Sale-RB,,CWM8U9DJ,,Upsell,PYPL,USD,Hop,US,AZ
06/15/2020,19:45:00,8/15/2020,CWM8U9NY,LBBEXTRA3,42.74,1,Sale,,CWM8U9PC,,Upsell,PYPL,USD,Hop,US,AR
06/15/2020,19:44:00,8/15/2020,CWM8U9PC,LBB6,96.98,1,Sale,,,CWM8U9NY,Original,PYPL,USD,Hop,US,AR
06/15/2020,19:38:00,8/15/2020,CWM8U9ZW,LBBEXTRA3,42.83,1,Sale,,CWM8U9DJ,,Upsell,PYPL,USD,Hop,US,AZ
06/15/2020,19:36:00,8/15/2020,CWM8U9DJ,LBB6,97.46,1,Sale,,,"CWM8U9ZW,46X8U9D6",Original,PYPL,USD,Hop,US,AZ
06/15/2020,17:59:00,8/15/2020,P82IMN22,LBBEXTRA3,42.82,1,Sale,,QY2IMNZC,,Upsell,PYPL,USD,Hop,US,TX
06/15/2020,17:53:00,8/15/2020,QY2IMNZC,LBB3,26.86,1,Sale,,,P82IMN22,Original,PYPL,USD,Hop,US,TX
06/15/2020,17:21:00,8/15/2020,QY2IMNM6,LBB1,10.68,1,Sale,,,,Original,MSTR,USD,Hop,US,LA
06/15/2020,16:04:00,8/15/2020,696JA77W,LBBEXTRA3,42.74,1,Sale,,696JA7VT,,Upsell,PYPL,USD,Hop,US,CA
06/15/2020,16:03:00,8/15/2020,P2CL6A7T,LBBEXTRA3,43.02,1,Sale,,MHCL6A93,,Upsell,VISA,USD,Hop,US,OR
06/15/2020,16:02:00,8/15/2020,696JA7VT,LBB3,26.79,1,Sale,,,696JA77W,Original,PYPL,USD,Hop,US,CA
06/15/2020,16:00:00,8/15/2020,MHCL6A93,LBB1,10.72,1,Sale,,,P2CL6A7T,Original,VISA,USD,Hop,US,OR
06/15/2020,14:33:00,8/15/2020,BN6JA7LD,LBB3,26.86,1,Sale,,,,Original,MSTR,USD,Hop,US,TX
06/15/2020,13:49:00,8/15/2020,BN6JA7DS,LBBEXTRA3,42.8,1,Sale,,LT6JA7CX,,Upsell,MSTR,USD,Hop,US,OH
06/15/2020,13:48:00,8/15/2020,LT6JA7CX,LBB1,10.65,1,Sale,,,BN6JA7DS,Original,MSTR,USD,Hop,US,OH
06/15/2020,13:31:00,8/15/2020,N5M8U95G,LBBEXTRA3,42.77,1,Sale,,N5M8U94P,,Upsell,VISA,USD,Hop,US,WA
06/15/2020,13:27:00,8/15/2020,N5M8U94P,LBB6,97.15,1,Sale,,,N5M8U95G,Original,VISA,USD,Hop,US,WA
06/15/2020,12:10:00,8/15/2020,WZ2IMN2Z,LBB1,10.65,1,Sale,,,,Original,VISA,USD,Hop,US,MS
06/15/2020,10:34:00,8/15/2020,676JA7GD,LBB6,96.98,1,Sale,,,,Original,MSTR,USD,Hop,US,CA
06/15/2020,9:51:00,8/15/2020,KNM8U9D2,LBB3,26.86,1,Sale,,,,Original,VISA,USD,Hop,US,TX
06/15/2020,8:33:00,8/15/2020,PSCL6A4Q,LBBEXTRA3,42.8,1,Sale,,PSCL6AFB,,Upsell,VISA,USD,Hop,US,NC
06/15/2020,8:30:00,8/15/2020,PSCL6AFB,LBB6,97.38,1,Sale,,,PSCL6A4Q,Original,VISA,USD,Hop,US,NC
06/15/2020,4:31:00,8/15/2020,FT3ZU9QK-B002,LBHTEA1,77.83,1,Rebill,,,,Original,VISA,USD,Hop,US,OR
06/15/2020,4:23:00,8/15/2020,85H3VAJN-B009,LBHTEA1,77.45,1,Rebill,,,,Original,VISA,USD,Hop,US,PA
06/15/2020,3:59:00,8/15/2020,GJHDVA7R-B009,FBHSA17,42.06,1,Rebill,,,,Original,VISA,USD,Hop,US,MI
06/16/2020,23:45:00,8/16/2020,KDWL6AYW,LBB3,26.82,1,Sale,,,,Original,VISA,USD,Hop,US,SC
06/16/2020,22:39:00,8/16/2020,M3MJA722,LBBEXTRA3,42.8,1,Sale,,M3MJA7N9,,Upsell,PYPL,USD,Hop,US,MN
06/16/2020,22:29:00,8/16/2020,M3MJA7N9,LBB3,26.84,1,Sale,,,M3MJA722,Original,PYPL,USD,Hop,US,MN
06/16/2020,20:36:00,8/16/2020,KYMJA7GH,LBBEXTRA3,42.8,1,Sale,,KYMJA7T4,,Upsell,PYPL,USD,Hop,US,CA
06/16/2020,20:34:00,8/16/2020,KYMJA7T4,LBB1,10.65,1,Sale,,,KYMJA7GH,Original,PYPL,USD,Hop,US,CA
06/16/2020,19:48:00,8/16/2020,KYMJA74W,LBB3,27,1,Sale,,,,Original,MSTR,USD,Hop,US,FL
06/16/2020,19:37:00,8/16/2020,KYMJA7XP,LBB1,10.64,1,Sale,,,,Original,PYPL,USD,Hop,US,AZ
06/16/2020,16:27:00,8/16/2020,68WL6AFB,LBBEXTRA3,42.75,1,Sale,,68WL6AN7,,Upsell,VISA,USD,Hop,US,AZ
06/16/2020,16:23:00,8/16/2020,68WL6AN7,LBB1,10.63,1,Sale,,,68WL6AFB,Original,VISA,USD,Hop,US,AZ
06/16/2020,16:18:00,8/16/2020,GPMJA7QJ,LBB6,97.64,1,Sale,,,,Original,VISA,USD,Hop,US,WI
06/16/2020,15:11:00,8/16/2020,8NKIMNP4,LBBEXTRA3,42.7,1,Sale,,8NKIMNLM,,Upsell,PYPL,USD,Hop,US,AR
06/16/2020,15:06:00,8/16/2020,8NKIMNLM,LBB3,26.77,1,Sale,,,8NKIMNP4,Original,PYPL,USD,Hop,US,AR
06/16/2020,13:47:00,8/16/2020,W8MJA7Z5,LBB1,10.66,1,Sale,,,,Original,PYPL,USD,Hop,US,KY
06/16/2020,12:48:00,8/16/2020,W8MJA7FR,LBBEXTRA3,42.71,1,Sale,,W8MJA74M,,Upsell,VISA,USD,Hop,US,TN
06/16/2020,12:47:00,8/16/2020,W8MJA74M,LBB3,26.78,1,Sale,,,W8MJA7FR,Original,VISA,USD,Hop,US,TN
06/16/2020,12:46:00,8/16/2020,5QKIMNWK,LBB1,10.72,1,Sale,,,,Original,VISA,USD,Hop,US,FL
06/16/2020,12:24:00,8/16/2020,D9WL6AYT,LBB6,96.95,1,Sale,,,,Original,VISA,USD,Hop,US,NY
06/16/2020,12:14:00,8/16/2020,CSWL6AN2,LBB3,26.85,1,Sale,,,,Original,MSTR,USD,Hop,US,NC
06/16/2020,11:11:00,8/16/2020,5CWL6AFH,LBB3,26.79,1,Sale,,,,Original,VISA,USD,Hop,US,AZ
06/16/2020,11:09:00,8/16/2020,GXP8U9CQ,LBB1,10.66,1,Sale,,,,Original,MSTR,USD,Hop,US,TX
06/16/2020,9:27:00,8/16/2020,WDRL6A6J,LBB1,10.66,1,Sale,,,,Original,VISA,USD,Hop,US,MD
06/16/2020,8:54:00,8/16/2020,YWX8U9JT,LBB1,10.66,1,Sale,,,,Original,VISA,USD,Hop,US,IL
06/16/2020,8:01:00,8/16/2020,GVQJA7YT,LBB1,10.66,1,Sale,,,,Original,VISA,USD,Hop,US,TX
06/16/2020,7:52:00,8/16/2020,KLX8U9HJ,LBB3,27,1,Sale,,,,Original,AMEX,USD,Hop,US,FL
06/16/2020,7:48:00,8/16/2020,GVQJA727,LBB3,26.84,1,Sale,,,,Original,VISA,USD,Hop,US,NY
06/16/2020,7:15:00,8/16/2020,YT3IVN9L-B002,LBHTEA1-N,77.83,1,Rebill,,,,Original,PYPL,USD,Hop,US,OR
06/16/2020,7:03:00,8/16/2020,4R4HABSY-B010,FBHSA17,21.24,1,Rebill,,,,Original,PYPL,USD,Hop,US,MD
06/16/2020,5:12:00,8/16/2020,H5QJA7G7,LBBEXTRA3,42.8,1,Sale,,H5QJA7C7,,Upsell,VISA,USD,Hop,US,IN
06/16/2020,5:11:00,8/16/2020,H5QJA7C7,LBB3,26.84,1,Sale,,,H5QJA7G7,Original,VISA,USD,Hop,US,IN
06/16/2020,4:23:00,8/16/2020,23396AZG-B005,LBHTEA1,77.58,1,Rebill,,,,Original,MSTR,USD,Hop,US,LA
06/16/2020,4:14:00,8/16/2020,Q2FIQN24-B006,FBHSA17,42.06,1,Rebill,,,,Original,MSTR,USD,Hop,US,IA
06/16/2020,4:10:00,8/16/2020,FC26U9WG-B008,LBHTEA1,77.41,1,Rebill,,,,Original,VISA,USD,Hop,US,NC
06/16/2020,3:58:00,8/16/2020,G7N3VAWN-B009,FBHSA17,42.06,1,Rebill,,,,Original,MSTR,USD,Hop,US,KS
06/16/2020,3:57:00,8/16/2020,YHYRU9ZJ-B005,LBHTEA1,77.28,1,Rebill,,,,Original,MSTR,USD,Hop,US,CA
06/17/2020,23:47:00,8/17/2020,NBR8U9JN,LBB3,26.81,1,Sale,,,,Original,VISA,USD,Hop,US,AZ
06/17/2020,20:39:00,8/17/2020,ZC8JA7S9,LBBEXTRA3,42.82,1,Sale,,ZC8JA7Y5,,Upsell,VISA,USD,Hop,US,TX
06/17/2020,20:34:00,8/17/2020,ZC8JA7Y5,LBB6,97.48,1,Sale,,,ZC8JA7S9,Original,VISA,USD,Hop,US,TX
06/17/2020,19:32:00,8/17/2020,ZC8JA7RM,LBB3,26.79,1,Sale,,,,Original,VISA,USD,Hop,US,CA
06/17/2020,18:35:00,8/17/2020,3B8JA7WT,LBB1,10.72,1,Sale,,,,Original,PYPL,USD,Hop,US,OR
06/17/2020,18:15:00,8/17/2020,73QIMNHK,LBB3,27,1,Sale,,,,Original,MSTR,USD,Hop,US,FL
06/17/2020,18:11:00,8/17/2020,73QIMNDT,LBBEXTRA3,42.76,1,Sale,,BFR8U9P9,,Upsell,VISA,USD,Hop,US,NM
06/17/2020,18:05:00,8/17/2020,J69L6A4C,LBBEXTRA3,42.8,1,Sale,,J69L6APT,,Upsell,MSTR,USD,Hop,US,AZ
06/17/2020,18:03:00,8/17/2020,J69L6APT,LBB1,10.65,1,Sale,,,J69L6A4C,Original,MSTR,USD,Hop,US,AZ
06/17/2020,18:01:00,8/17/2020,BFR8U9P9,LBB6,97.07,1,Sale,,,73QIMNDT,Original,VISA,USD,Hop,US,NM
06/17/2020,17:46:00,8/17/2020,BFR8U9NX,LBB3,26.84,1,Sale,,,,Original,VISA,USD,Hop,US,IN
06/17/2020,16:56:00,8/17/2020,NRR8U968,LBB3,26.82,1,Sale,,,,Original,VISA,USD,Hop,US,NY
06/17/2020,16:14:00,8/17/2020,LR8JA7GL,LBB1,10.66,1,Sale,,,,Original,VISA,USD,Hop,US,TX
06/17/2020,14:41:00,8/17/2020,VS8JA7TP,LBBEXTRA3,42.89,1,Sale,,VS8JA7NL,,Upsell,VISA,USD,Hop,US,LA
06/17/2020,14:39:00,8/17/2020,VS8JA7NL,LBB6,97.85,1,Sale,,,VS8JA7TP,Original,VISA,USD,Hop,US,LA
06/17/2020,13:49:00,8/17/2020,CCG8U9K4,IMMBOX,26.7,1,Sale-RB,,CCG8U9FK,,Upsell,VISA,USD,Hop,US,CA
06/17/2020,13:49:00,8/17/2020,YHRJA7C4,LBB3,26.84,1,Sale,,,,Original,VISA,USD,Hop,US,MS
06/17/2020,13:46:00,8/17/2020,CCG8U9SK,LBBEXTRA3,42.75,1,Sale,,CCG8U9FK,,Upsell,VISA,USD,Hop,US,CA
06/17/2020,13:44:00,8/17/2020,CCG8U9FK,LBB1,10.64,1,Sale,,,"CCG8U9SK,CCG8U9K4",Original,VISA,USD,Hop,US,CA
06/17/2020,13:42:00,8/17/2020,KT9L6AWT,LBB3,26.81,1,Sale,,,,Original,VISA,USD,Hop,US,AZ
06/17/2020,13:41:00,8/17/2020,CCG8U995,LBBEXTRA3,42.79,1,Sale,,CCG8U92D,,Upsell,MSTR,USD,Hop,US,OH
06/17/2020,13:37:00,8/17/2020,CCG8U92D,LBB6,97.28,1,Sale,,,CCG8U995,Original,MSTR,USD,Hop,US,OH
06/17/2020,13:10:00,8/17/2020,CCG8U98F,LBBEXTRA3,42.84,1,Sale,,CCG8U9MF,,Upsell,MSTR,USD,Hop,US,MA
06/17/2020,13:05:00,8/17/2020,CCG8U9MF,LBB3,26.86,1,Sale,,,CCG8U98F,Original,VISA,USD,Hop,US,MA
06/17/2020,12:28:00,8/17/2020,RPSL6A6X,LBB1,10.65,1,Sale,,,,Original,VISA,USD,Hop,US,CA
06/17/2020,11:51:00,8/17/2020,RMSL6A6Y,LBBEXTRA3,42.76,1,Sale,,RMSL6ARY,,Upsell,MSTR,USD,Hop,US,NY
06/17/2020,11:50:00,8/17/2020,RMSL6ARY,LBB3,26.82,1,Sale,,,RMSL6A6Y,Original,MSTR,USD,Hop,US,NY
06/17/2020,11:47:00,8/17/2020,5PFIMNZ3,LBBEXTRA3,42.75,1,Sale,,5PFIMNGG,,Upsell,AMEX,USD,Hop,US,NV
06/17/2020,11:43:00,8/17/2020,5PFIMNGG,LBB1,10.64,1,Sale,,,5PFIMNZ3,Original,AMEX,USD,Hop,US,NV
06/17/2020,11:24:00,8/17/2020,B3RJA7WC,LBB1,10.64,1,Sale,,,,Original,VISA,USD,Hop,US,CA
06/17/2020,11:23:00,8/17/2020,B3RJA72L,LBB6,97.18,1,Sale,,,,Original,PYPL,USD,Hop,US,CA
06/17/2020,10:24:00,8/17/2020,BTG8U9BB,LBB3,27,1,Sale,,,,Original,MSTR,USD,Hop,US,FL
06/17/2020,10:02:00,8/17/2020,BTG8U9CZ,LBBEXTRA3,42.79,1,Sale,,BTG8U96M,,Upsell,VISA,USD,Hop,US,CA
06/17/2020,9:31:00,8/17/2020,BTG8U96M,LBB6,97.18,1,Sale,,,BTG8U9CZ,Original,VISA,USD,Hop,US,CA
06/17/2020,9:18:00,8/17/2020,F4G8U9HL,LBB3,26.9,1,Sale,,,,Original,VISA,USD,Hop,US,LA
06/17/2020,9:14:00,8/17/2020,F4G8U9QS,LBB3,26.86,1,Sale,,,,Original,MSTR,USD,Hop,US,CT
06/17/2020,8:26:00,8/17/2020,F4G8U9ZX,LBB3,26.82,1,Sale,,,,Original,VISA,USD,Hop,US,CA
06/17/2020,8:18:00,8/17/2020,SHSL6AMT,LBB1,10.66,1,Sale,,,,Original,VISA,USD,Hop,US,TX
06/17/2020,6:38:00,8/17/2020,YMFIMN83,LBBEXTRA3,42.82,1,Sale,,YMFIMN63,,Upsell,DISC,USD,Hop,US,TX
06/17/2020,6:37:00,8/17/2020,YMFIMN63,LBB1,10.66,1,Sale,,,YMFIMN83,Original,DISC,USD,Hop,US,TX
06/17/2020,2:37:00,8/17/2020,7ZMJA772,LBB1,10.65,1,Sale,,,,Original,VISA,USD,Hop,US,CA
06/18/2020,22:39:00,8/18/2020,GGGIMNQ6,LBB3,26.85,1,Sale,,,,Original,MSTR,USD,Hop,US,NJ
06/18/2020,21:15:00,8/18/2020,GGGIMNSB,LBBEXTRA3,42.86,1,Sale,,GGGIMNNB,,Upsell,AMEX,USD,Hop,US,VA
06/18/2020,21:12:00,8/18/2020,GGGIMNNB,LBB3,26.88,1,Sale,,,GGGIMNSB,Original,AMEX,USD,Hop,US,VA
06/18/2020,20:52:00,8/18/2020,NXZL6AXT,LBBEXTRA3,42.8,1,Sale,,TWZL6AT3,,Upsell,PYPL,USD,Hop,US,MN
06/18/2020,20:51:00,8/18/2020,TWZL6AT3,LBB3,26.84,1,Sale,,,NXZL6AXT,Original,PYPL,USD,Hop,US,MN
06/18/2020,20:34:00,8/18/2020,TWZL6AGM,LBBEXTRA3,42.79,1,Sale,,TWZL6A6M,,Upsell,VISA,USD,Hop,US,CA
06/18/2020,20:33:00,8/18/2020,TWZL6A6M,LBB6,97.18,1,Sale,,,TWZL6AGM,Original,VISA,USD,Hop,US,CA
06/18/2020,20:27:00,8/18/2020,TWZL6ATY,LBB1,10.66,1,Sale,,,,Original,VISA,USD,Hop,US,TX
06/18/2020,20:01:00,8/18/2020,ZKGIMNDZ,FBHSA17,0,1,Sale-RB,,ZKGIMNQN,,Upsell,VISA,USD,Hop,US,SC
06/18/2020,19:57:00,8/18/2020,ZKGIMNYV,IMMBOX,26.7,1,Sale-RB,,ZKGIMNQN,,Upsell,VISA,USD,Hop,US,SC
06/18/2020,19:50:00,8/18/2020,ZKGIMNJN,LBBEXTRA3,42.81,1,Sale,,ZKGIMNQN,,Upsell,VISA,USD,Hop,US,SC
06/18/2020,19:48:00,8/18/2020,ZKGIMNQN,LBB3,26.84,1,Sale,,,"ZKGIMNJN,ZKGIMNYV,ZKGIMNDZ",Original,VISA,USD,Hop,US,SC
06/18/2020,19:18:00,8/18/2020,ZKGIMNY2,LBBEXTRA3,42.82,1,Sale,,ZKGIMN52,,Upsell,MSTR,USD,Hop,US,TX
06/18/2020,19:17:00,8/18/2020,ZKGIMN52,LBB1,10.66,1,Sale,,,ZKGIMNY2,Original,MSTR,USD,Hop,US,TX
06/18/2020,18:50:00,8/18/2020,PQKJA76Q,LBB1,10.72,1,Sale,,,,Original,AMEX,USD,Hop,US,MT
06/18/2020,17:49:00,8/18/2020,ZXFJA7PJ,LBBEXTRA3,42.74,1,Sale,,ZXFJA7QJ,,Upsell,MSTR,USD,Hop,US,WA
06/18/2020,17:47:00,8/18/2020,ZXFJA7QJ,LBB3,26.8,1,Sale,,,ZXFJA7PJ,Original,MSTR,USD,Hop,US,WA
06/18/2020,17:19:00,8/18/2020,ZXFJA7BR,FBHSA17,0,1,Sale-RB,,ZXFJA7CM,,Upsell,VISA,USD,Hop,US,CA
06/18/2020,17:18:00,8/18/2020,ZXFJA7HM,IMMBOX,26.7,1,Sale-RB,,ZXFJA7CM,,Upsell,VISA,USD,Hop,US,CA
06/18/2020,17:17:00,8/18/2020,ZXFJA7DM,LBBEXTRA3,42.78,1,Sale,,ZXFJA7CM,,Upsell,VISA,USD,Hop,US,CA
06/18/2020,17:16:00,8/18/2020,ZXFJA7CM,LBB6,97.08,1,Sale,,,"ZXFJA7DM,ZXFJA7HM,ZXFJA7BR",Original,VISA,USD,Hop,US,CA
06/18/2020,16:46:00,8/18/2020,CL38U9JC,LBB3,27,1,Sale,,,,Original,MSTR,USD,Hop,US,FL
06/18/2020,13:52:00,8/18/2020,R2XL6ARR,LBBEXTRA3,42.83,1,Sale,,4BXL6APN,,Upsell,PYPL,USD,Hop,US,MI
06/18/2020,13:47:00,8/18/2020,4BXL6APN,LBB3,26.86,1,Sale,,,R2XL6ARR,Original,PYPL,USD,Hop,US,MI
06/18/2020,12:58:00,8/18/2020,PNFJA76N,LBB3,26.86,1,Sale,,,,Original,PYPL,USD,Hop,US,MI
06/18/2020,11:25:00,8/18/2020,54XL6AWB,LBB3,26.86,1,Sale,,,,Original,DISC,USD,Hop,US,TX
06/18/2020,9:45:00,N/A,3Z38U9BM,LBB1,-10.63,1,Refund,,,,Original,MSTR,USD,Hop,US,CA
06/18/2020,9:44:00,N/A,3Z38U9MP,LBBEXTRA3,-42.74,1,Refund,,,,Original,MSTR,USD,Hop,US,CA
06/18/2020,9:03:00,8/18/2020,3Z38U9MP,LBBEXTRA3,42.74,1,Sale,,3Z38U9BM,,Upsell,MSTR,USD,Hop,US,CA
06/18/2020,9:01:00,8/18/2020,3Z38U9BM,LBB1,10.63,1,Sale,,,3Z38U9MP,Original,MSTR,USD,Hop,US,CA
06/18/2020,8:50:00,8/18/2020,SNLIMNRV,LBB3,27,1,Sale,,,,Original,VISA,USD,Hop,US,FL
06/18/2020,7:55:00,8/18/2020,QNTIS3N7-B010,FBHSA17,21.24,1,Rebill,,,,Original,PYPL,USD,Hop,US,CA
06/18/2020,7:47:00,8/18/2020,R338U9GY,LBB6,97.28,1,Sale,,,,Original,VISA,USD,Hop,US,UT
06/18/2020,7:44:00,8/18/2020,R338U97W,LBBEXTRA3,42.84,1,Sale,,R338U94W,,Upsell,VISA,USD,Hop,US,AL
06/18/2020,7:42:00,8/18/2020,R338U94W,LBB3,26.86,1,Sale,,,R338U97W,Original,VISA,USD,Hop,US,AL
06/18/2020,7:17:00,8/18/2020,T5CCA7ZS-B002,LBHTEA1-N,77.44,1,Rebill,,,,Original,PYPL,USD,Hop,US,IL
06/18/2020,6:59:00,8/18/2020,QLQFA74B-B005,LBHTEA1,77.27,1,Rebill,,,,Original,PYPL,USD,Hop,US,GA
06/18/2020,4:14:00,8/18/2020,MQVIVNW4-B002,LBHTEA1,77.3,1,Rebill,,,,Original,VISA,USD,Hop,US,NV
06/18/2020,4:04:00,8/18/2020,R2NRU9SM-B006,FBHSA17,42.06,1,Rebill,,,,Original,VISA,USD,Hop,US,CA
06/18/2020,4:00:00,8/18/2020,R5FCA78W-B002,LBHTEA1,77.4,1,Rebill,,,,Original,MSTR,USD,Hop,US,MN
06/18/2020,3:22:00,8/18/2020,T7QIMNRR,LBB3,26.8,1,Sale,,,,Original,AMEX,USD,Hop,US,NY
06/18/2020,1:58:00,8/18/2020,KQ9L6ADM,LBBEXTRA3,42.75,1,Sale,,KQ9L6AYM,,Upsell,MSTR,USD,Hop,US,KS
06/18/2020,1:56:00,8/18/2020,KQ9L6AYM,LBB1,10.64,1,Sale,,,KQ9L6ADM,Original,MSTR,USD,Hop,US,KS
06/18/2020,0:32:00,8/18/2020,9G8JA7TR,FBHSA17,0,1,Sale-RB,,9G8JA7CQ,,Upsell,VISA,USD,Hop,US,CA
06/18/2020,0:30:00,8/18/2020,9G8JA78R,IMMBOX,26.7,1,Sale-RB,,9G8JA7CQ,,Upsell,VISA,USD,Hop,US,CA
06/18/2020,0:27:00,8/18/2020,9G8JA79Q,LBBEXTRA3,42.79,1,Sale,,9G8JA7CQ,,Upsell,VISA,USD,Hop,US,CA
06/18/2020,0:19:00,8/18/2020,9G8JA7CQ,LBB6,97.18,1,Sale,,,"9G8JA79Q,9G8JA78R,9G8JA7TR",Original,VISA,USD,Hop,US,CA
06/19/2020,22:54:00,8/19/2020,MDVL6AK4,LBB1,10.66,1,Sale,,,,Original,PYPL,USD,Hop,US,TX
06/19/2020,21:57:00,8/19/2020,GCF8U9ST,LBB3,26.81,1,Sale,,,,Original,MSTR,USD,Hop,US,AR
06/19/2020,21:51:00,8/19/2020,PXBJA7LP,LBB3,26.82,1,Sale,,,,Original,VISA,USD,Hop,US,CA
06/19/2020,21:40:00,8/19/2020,PXBJA7Z7,LBB3,27,1,Sale,,,,Original,VISA,USD,Hop,US,OR
06/19/2020,19:34:00,8/19/2020,GSF8U9T4,LBBEXTRA3,42.84,1,Sale,,GSF8U9G4,,Upsell,PYPL,USD,Hop,US,MD
06/19/2020,19:32:00,8/19/2020,GSF8U9G4,LBB6,97.54,1,Sale,,,GSF8U9T4,Original,PYPL,USD,Hop,US,MD
06/19/2020,17:36:00,8/19/2020,V5BJA7WJ,LBB3,26.79,1,Sale,,,,Original,VISA,USD,Hop,US,CA
06/19/2020,16:19:00,8/19/2020,BW3IMNH4,LBB3,26.86,1,Sale,,,,Original,VISA,USD,Hop,US,PA
06/19/2020,14:39:00,8/19/2020,2CBJA739,LBB1,10.65,1,Sale,,,,Original,MSTR,USD,Hop,US,SC
06/19/2020,14:22:00,8/19/2020,48VL6ACL,LBB3,26.86,1,Sale,,,,Original,MSTR,USD,Hop,US,AZ
06/19/2020,12:30:00,8/19/2020,HNF8U94H,LBB6,97.85,1,Sale,,,,Original,VISA,USD,Hop,US,LA
06/19/2020,11:54:00,8/19/2020,HNF8U9WZ,LBBEXTRA3,42.79,1,Sale,,HNF8U9KZ,,Upsell,DISC,USD,Hop,US,AZ
06/19/2020,11:52:00,8/19/2020,HNF8U9KZ,LBB1,10.65,1,Sale,,,HNF8U9WZ,Original,DISC,USD,Hop,US,AZ
06/19/2020,11:49:00,8/19/2020,BL3IMNCY,LBB1,10.66,1,Sale,,,,Original,AMEX,USD,Hop,US,PA
06/19/2020,11:31:00,8/19/2020,ZXVL6A4B,LBBEXTRA3,43.02,1,Sale,,ZXVL6A85,,Upsell,PYPL,USD,Hop,US,FL
06/19/2020,11:27:00,8/19/2020,ZXVL6A85,LBB6,98.75,1,Sale,,,ZXVL6A4B,Original,PYPL,USD,Hop,US,FL
06/19/2020,10:40:00,8/19/2020,H8BJA7LF,LBB1,10.63,1,Sale,,,,Original,PYPL,USD,Hop,US,TN
06/19/2020,10:38:00,8/19/2020,BL3IMNFB,LBB1,10.72,1,Sale,,,,Original,MSTR,USD,Hop,US,FL
06/19/2020,10:38:00,8/19/2020,CMBJA7X4,LBB1,10.66,1,Sale,,,,Original,PYPL,USD,Hop,US,TX
06/19/2020,10:36:00,8/19/2020,BL3IMNZ2,LBB1,10.72,1,Sale,,,,Original,VISA,USD,Hop,US,FL
06/19/2020,10:27:00,8/19/2020,GWVL6A3F,LBB3,26.86,1,Sale,,,,Original,MSTR,USD,Hop,US,TX
06/19/2020,10:12:00,8/19/2020,7GF8U92G,LBB6,97.28,1,Sale,,,,Original,MSTR,USD,Hop,US,CA
06/19/2020,9:58:00,8/19/2020,GK3IMN2J,LBB3,26.81,1,Sale,,,,Original,MSTR,USD,Hop,US,MO
06/19/2020,9:09:00,8/19/2020,M6BJA78H,LBB3,26.86,1,Sale,,,,Original,VISA,USD,Hop,US,CT
06/19/2020,8:55:00,8/19/2020,RCVL6A5H,LBB3,26.84,1,Sale,,,,Original,VISA,USD,Hop,US,RI
06/19/2020,8:27:00,8/19/2020,D6F8U9V5,IMMBOX,26.7,1,Sale-RB,,D6F8U9FV,,Upsell,PYPL,USD,Hop,US,SC
06/19/2020,8:20:00,8/19/2020,D6F8U9N8,LBBEXTRA3,42.81,1,Sale,,D6F8U9FV,,Upsell,PYPL,USD,Hop,US,SC
06/19/2020,8:18:00,8/19/2020,D6F8U9FV,LBB3,26.84,1,Sale,,,"D6F8U9N8,D6F8U9V5",Original,PYPL,USD,Hop,US,SC
06/19/2020,8:08:00,8/19/2020,7T3IMNZF,LBB1,10.68,1,Sale,,,,Original,VISA,USD,Hop,US,LA
06/19/2020,8:04:00,8/19/2020,H3ZL6AX3,LBB1,10.65,1,Sale,,,,Original,VISA,USD,Hop,US,GA
06/19/2020,7:51:00,8/19/2020,ZSGIMN9P,LBB3,26.8,1,Sale,,,,Original,VISA,USD,Hop,US,NY
06/19/2020,7:51:00,8/19/2020,NXKJA7XG,LBB1,10.66,1,Sale,,,,Original,MSTR,USD,Hop,US,TX
06/19/2020,7:35:00,8/19/2020,ZSGIMNX6,LBB3,26.84,1,Sale,,,,Original,MSTR,USD,Hop,US,IN
06/19/2020,7:13:00,8/19/2020,ZSGIMNDN,LBBEXTRA3,42.8,1,Sale,,ZSGIMNVN,,Upsell,AMEX,USD,Hop,US,UT
06/19/2020,7:12:00,8/19/2020,ZSGIMNVN,LBB6,97.28,1,Sale,,,ZSGIMNDN,Original,AMEX,USD,Hop,US,UT
06/19/2020,6:58:00,8/19/2020,GYN8U96N,LBB3,27,1,Sale,,,,Original,MSTR,USD,Hop,US,FL
06/19/2020,6:53:00,8/19/2020,GYN8U9DG,LBB3,27,1,Sale,,,,Original,VISA,USD,Hop,US,FL
06/19/2020,5:54:00,N/A,G3KVU97V,rfnd-0004,-1,1,Charge,,,,Original,,,Hop,,
06/19/2020,5:54:00,N/A,G3KVU97V,417,0,1,Refund,hackvidalytics,,,Original,VISA,USD,Hop,US,NC
06/19/2020,5:11:00,8/19/2020,4BN8U9QC,LBB1,10.72,1,Sale,,,,Original,PYPL,USD,Hop,US,FL
06/19/2020,4:24:00,8/19/2020,BV9ITNG2-B008,LBHTEA1,77.36,1,Rebill,,,,Original,VISA,USD,Hop,US,AZ
06/19/2020,4:01:00,8/19/2020,6SWYUF39-B009,LBHTEA1,77.44,1,Rebill,,,,Original,VISA,USD,Hop,US,TX
06/19/2020,0:18:00,8/19/2020,XVN8U9W3,LBBEXTRA3,42.74,1,Sale,,XVN8U933,,Upsell,VISA,USD,Hop,US,CA
06/19/2020,0:13:00,8/19/2020,XVN8U933,LBB1,10.63,1,Sale,,,XVN8U9W3,Original,VISA,USD,Hop,US,CA
06/20/2020,21:27:00,8/20/2020,9KQ8U9LK,LBBEXTRA3,42.78,1,Sale,,9KQ8U9Z5,,Upsell,VISA,USD,Hop,US,OH
06/20/2020,21:19:00,8/20/2020,9KQ8U9Z5,LBB1,10.65,1,Sale,,,9KQ8U9LK,Original,VISA,USD,Hop,US,OH
06/20/2020,20:32:00,8/20/2020,F4JL6A9M,LBBEXTRA3,43.02,1,Sale,,F4JL6A5Y,,Upsell,VISA,USD,Hop,US,FL
06/20/2020,20:29:00,8/20/2020,F4JL6A5Y,LBB3,27,1,Sale,,,F4JL6A9M,Original,VISA,USD,Hop,US,FL
06/20/2020,20:09:00,N/A,6TVJ6AFP,rfnd-0004,-1,1,Charge,,,,Original,,,Hop,,
06/20/2020,20:09:00,N/A,6TVJ6AFP,lbhdtea3n,-128.26,1,Refund,,,,Original,MSTR,USD,Hop,US,AZ
06/20/2020,19:59:00,8/20/2020,LDLJA7BF,LBB3,27,1,Sale,,,,Original,AMEX,USD,Hop,US,AK
06/20/2020,19:31:00,8/20/2020,X8Q8U9GS,LBB1,10.66,1,Sale,,,,Original,VISA,USD,Hop,US,PA
06/20/2020,19:05:00,8/20/2020,F4JL6AVS,LBBEXTRA3,42.77,1,Sale,,F4JL6A8R,,Upsell,VISA,USD,Hop,US,MO
06/20/2020,18:57:00,8/20/2020,F4JL6A8R,LBB6,97.15,1,Sale,,,F4JL6AVS,Original,VISA,USD,Hop,US,MO
06/20/2020,18:02:00,8/20/2020,8VXIMN8X,LBB6,98.75,1,Sale,,,,Original,VISA,USD,Hop,US,FL
06/20/2020,17:30:00,8/20/2020,Z9Q8U9VH,LBB3,26.77,1,Sale,,,,Original,VISA,USD,Hop,US,AR
06/20/2020,15:57:00,8/20/2020,Q3XIMN6L,LBBEXTRA3,42.82,1,Sale,,Q3XIMNPQ,,Upsell,PYPL,USD,Hop,US,TX
06/20/2020,15:56:00,8/20/2020,Q3XIMNPQ,LBB3,26.86,1,Sale,,,Q3XIMN6L,Original,PYPL,USD,Hop,US,TX
06/20/2020,15:42:00,8/20/2020,TRQ8U99T,LBBEXTRA3,42.84,1,Sale,,TRQ8U93T,,Upsell,AMEX,USD,Hop,US,VA
06/20/2020,15:40:00,8/20/2020,TRQ8U93T,LBB3,26.86,1,Sale,,,TRQ8U99T,Original,AMEX,USD,Hop,US,VA
06/20/2020,14:37:00,8/20/2020,G8LJA7ZR,LBB1,10.63,1,Sale,,,,Original,VISA,USD,Hop,US,AZ
06/20/2020,14:05:00,8/20/2020,4FXIMN3Q,LBB1,10.66,1,Sale,,,,Original,VISA,USD,Hop,US,TX
06/20/2020,13:11:00,8/20/2020,WTJL6ASP,LBB3,26.86,1,Sale,,,,Original,VISA,USD,Hop,US,IL
06/20/2020,12:50:00,8/20/2020,WTJL6A6G,LBB1,10.72,1,Sale,,,,Original,VISA,USD,Hop,US,FL
06/20/2020,11:40:00,8/20/2020,QSNIMNYJ,FBHSA17,0,1,Sale-RB,,QSNIMNPN,,Upsell,MSTR,USD,Hop,US,CA
06/20/2020,11:34:00,8/20/2020,QSNIMN65,IMMBOX,26.7,1,Sale-RB,,QSNIMNPN,,Upsell,MSTR,USD,Hop,US,CA
06/20/2020,11:22:00,8/20/2020,QSNIMNBZ,LBBEXTRA3,42.76,1,Sale,,QSNIMNPN,,Upsell,MSTR,USD,Hop,US,CA
06/20/2020,11:15:00,8/20/2020,QSNIMNPN,LBB1,10.64,1,Sale,,,"QSNIMNBZ,QSNIMN65,QSNIMNYJ",Original,MSTR,USD,Hop,US,CA
06/20/2020,10:12:00,8/20/2020,Z47JA7J6,LBB6,97.01,1,Sale,,,,Original,VISA,USD,Hop,US,WA
06/20/2020,10:00:00,8/20/2020,ZW98U9YP,LBB6,97.48,1,Sale,,,,Original,MSTR,USD,Hop,US,TX
06/20/2020,9:52:00,8/20/2020,7PNIMNQL,LBB3,26.82,1,Sale,,,,Original,PYPL,USD,Hop,US,PA
06/20/2020,9:49:00,8/20/2020,WF6L6AB5,LBB6,97.54,1,Sale,,,,Original,VISA,USD,Hop,US,PA
06/20/2020,9:25:00,8/20/2020,CS98U9TK,LBB3,26.9,1,Sale,,,,Original,VISA,USD,Hop,US,LA
06/20/2020,8:40:00,8/20/2020,B75K6AQZ-B002,LBHTEA1-N,77.28,1,Rebill,,,,Original,PYPL,USD,Hop,US,CA
06/20/2020,8:25:00,8/20/2020,T9NIMNBS,LBB3,26.82,1,Sale,,,,Original,VISA,USD,Hop,US,WA
06/20/2020,8:03:00,8/20/2020,DG7JA776,LBB1,10.65,1,Sale,,,,Original,VISA,USD,Hop,US,MS
06/20/2020,7:44:00,8/20/2020,JFX4UFQ2-B015,FBHSA17,42.06,1,Rebill,,,,Original,PYPL,USD,Hop,US,DE
06/20/2020,7:36:00,8/20/2020,D498U9RC,LBB3,26.84,1,Sale,,,,Original,VISA,USD,Hop,US,NE
06/20/2020,6:02:00,8/20/2020,7D7JA77C,LBBEXTRA3,42.79,1,Sale,,7D7JA75L,,Upsell,VISA,USD,Hop,US,CA
06/20/2020,6:00:00,8/20/2020,7D7JA75L,LBB3,26.82,1,Sale,,,7D7JA77C,Original,VISA,USD,Hop,US,CA
06/20/2020,4:24:00,8/20/2020,7ZCHVAS2-B015,FBHSA17,42.06,1,Rebill,,,,Original,VISA,USD,Hop,US,CA
06/20/2020,4:18:00,8/20/2020,BNPFU9V5-B004,FBHSA17,41.78,1,Rebill,,,,Original,MSTR,USD,Hop,US,NM
06/20/2020,4:13:00,8/20/2020,S6BI63CM-B015,FBHSA17,42.06,1,Rebill,,,,Original,MSTR,USD,Hop,US,MD
06/20/2020,4:03:00,8/20/2020,7YW3VAHW-B010,FBHSA17,21.24,1,Rebill,,,,Original,DISC,USD,Hop,US,FL
06/20/2020,3:56:00,8/20/2020,VWCNU986-B004,LBHTEA1,77.83,1,Rebill,,,,Original,VISA,USD,Hop,US,FL
06/21/2020,16:08:00,8/21/2020,76V8U9V6,LBB3,26.85,1,Sale,,,,Original,MSTR,USD,Hop,US,NJ
06/21/2020,16:02:00,8/21/2020,KCZ8U9FC,LBB3,26.86,1,Sale,,,,Original,MSTR,USD,Hop,US,AZ
06/21/2020,15:01:00,8/21/2020,4NKL6AX2,LBB1,10.64,1,Sale,,,,Original,MSTR,USD,Hop,US,AZ
06/21/2020,15:00:00,8/21/2020,KHCJA73P,IMMBOX,26.55,1,Sale-RB,,KHCJA77C,,Upsell,MSTR,USD,Hop,US,MO
06/21/2020,14:56:00,8/21/2020,KHCJA79C,LBBEXTRA3,42.81,1,Sale,,KHCJA77C,,Upsell,MSTR,USD,Hop,US,MO
06/21/2020,14:55:00,8/21/2020,KHCJA77C,LBB6,97.39,1,Sale,,,"KHCJA79C,KHCJA73P",Original,MSTR,USD,Hop,US,MO
06/21/2020,13:47:00,8/21/2020,2LZ8U9W8,LBB1,10.64,1,Sale,,,,Original,MSTR,USD,Hop,US,SC
06/21/2020,13:20:00,8/21/2020,RYKL6AN7,LBB1,10.66,1,Sale,,,,Original,MSTR,USD,Hop,US,VA
06/21/2020,12:52:00,8/21/2020,RYKL6AQV,LBBEXTRA3,42.75,1,Sale,,RYKL6A4Z,,Upsell,VISA,USD,Hop,US,NV
06/21/2020,12:51:00,8/21/2020,RTZ8U9ZW,LBB3,26.79,1,Sale,,,,Original,VISA,USD,Hop,US,TN
06/21/2020,12:50:00,8/21/2020,RYKL6A4Z,LBB3,26.81,1,Sale,,,RYKL6AQV,Original,VISA,USD,Hop,US,NV
06/21/2020,12:22:00,8/21/2020,YYCJA7RG,LBB6,98.75,1,Sale,,,,Original,PYPL,USD,Hop,US,OR
06/21/2020,10:26:00,8/21/2020,QKZ8U9KF,LBB3,26.86,1,Sale,,,,Original,DISC,USD,Hop,US,TX
06/21/2020,9:56:00,8/21/2020,V7KL6AZJ,LBBEXTRA3,42.76,1,Sale,,V7KL6AX6,,Upsell,DISC,USD,Hop,US,PA
06/21/2020,9:53:00,8/21/2020,V7KL6AX6,LBB6,97.13,1,Sale,,,V7KL6AZJ,Original,DISC,USD,Hop,US,PA
06/21/2020,9:49:00,8/21/2020,YWVIMNXB,LBB1,10.72,1,Sale,,,,Original,MSTR,USD,Hop,US,MT
06/21/2020,9:47:00,8/21/2020,V7KL6A8Z,LBBEXTRA3,42.76,1,Sale,,V7KL6AL9,,Upsell,VISA,USD,Hop,US,AZ
06/21/2020,9:42:00,8/21/2020,V7KL6AL9,LBB1,10.64,1,Sale,,,V7KL6A8Z,Original,VISA,USD,Hop,US,AZ
06/21/2020,9:35:00,8/21/2020,34VIMNZP,LBB3,26.88,1,Sale,,,,Original,PYPL,USD,Hop,US,VA
06/21/2020,9:15:00,8/21/2020,S2Z8U9DZ,LBB1,10.63,1,Sale,,,,Original,VISA,USD,Hop,US,OK
06/21/2020,9:01:00,8/21/2020,S2Z8U953,LBBEXTRA3,42.8,1,Sale,,S2Z8U9M3,,Upsell,MSTR,USD,Hop,US,NE
06/21/2020,9:01:00,8/21/2020,S2Z8U9M3,LBB1,10.65,1,Sale,,,S2Z8U953,Original,MSTR,USD,Hop,US,NE
06/21/2020,8:56:00,8/21/2020,S2Z8U9SP,LBBEXTRA3,42.8,1,Sale,,S2Z8U9GP,,Upsell,MSTR,USD,Hop,US,OH
06/21/2020,8:54:00,8/21/2020,S2Z8U9GP,LBB6,97.33,1,Sale,,,S2Z8U9SP,Original,MSTR,USD,Hop,US,OH
06/21/2020,8:12:00,8/21/2020,96F3U9YK-B005,LBHTEA1,77.44,1,Rebill,,,,Original,PYPL,USD,Hop,US,TX
06/21/2020,8:04:00,8/21/2020,6SNCA7CJ-B002,LBHTEA1,77.38,1,Rebill,,,,Original,PYPL,USD,Hop,US,CA
06/21/2020,7:14:00,8/21/2020,FNVIMNRC,FBHSA17,0,1,Sale-RB,,FNVIMNCP,,Upsell,VISA,USD,Hop,US,NH
06/21/2020,7:08:00,8/21/2020,FNVIMNCP,LBB3,27,1,Sale,,,FNVIMNRC,Original,VISA,USD,Hop,US,NH
06/21/2020,6:58:00,8/21/2020,JRHIC3KR-B010,FBHSA17,21.24,1,Rebill,,,,Original,PYPL,USD,Hop,US,MO
06/21/2020,6:36:00,8/21/2020,NR5ZU9MW-B002,LBHTEA1-N,77.27,1,Rebill,,,,Original,PYPL,USD,Hop,US,MO
06/21/2020,4:33:00,8/21/2020,H7Q8U9PW,LBBEXTRA3,42.8,1,Sale,,H7Q8U9VJ,,Upsell,PYPL,USD,Hop,US,GA
06/21/2020,4:31:00,8/21/2020,H7Q8U9VJ,LBB3,26.84,1,Sale,,,H7Q8U9PW,Original,PYPL,USD,Hop,US,GA
06/21/2020,4:20:00,8/21/2020,WQLIP3M6-B011,LBHTEA1-N,78.19,1,Rebill,,,,Original,VISA,USD,Hop,US,WY
06/21/2020,4:20:00,8/21/2020,RRPVAB7Q-B011,LBHTEA1,77.23,1,Rebill,,,,Original,VISA,USD,Hop,US,CA
06/21/2020,4:12:00,8/21/2020,2FNMA7MX-B007,FBHSA17,41.84,1,Rebill,,,,Original,VISA,USD,Hop,US,PA
06/21/2020,4:10:00,8/21/2020,Z8DIGN4K-B004,LBHTEA1,77.2,1,Rebill,,,,Original,MSTR,USD,Hop,US,WA
06/22/2020,20:12:00,8/22/2020,CXJJA7FY,LBB1,10.63,1,Sale,,,,Original,MSTR,USD,Hop,US,TN
06/22/2020,17:58:00,8/22/2020,TPMIMNYV,LBB3,26.9,1,Sale,,,,Original,VISA,USD,Hop,US,LA
06/22/2020,17:58:00,8/22/2020,TPMIMNYV,LBBCoaching,0,1,Sale-RB,,,,Bump,VISA,USD,Hop,US,LA
06/22/2020,17:58:00,8/22/2020,QFLL6ARX,LBB3,27,1,Sale,,,,Original,VISA,USD,Hop,US,FL
06/22/2020,17:58:00,8/22/2020,QFLL6ARX,LBBCoaching,0,1,Sale-RB,,,,Bump,VISA,USD,Hop,US,FL
06/22/2020,17:55:00,8/22/2020,TPMIMN6V,LBBEXTRA3,42.75,1,Sale,,TPMIMNNX,,Upsell,PYPL,USD,Hop,US,NV
06/22/2020,17:51:00,8/22/2020,TPMIMNNX,LBB3,26.81,1,Sale,,,TPMIMN6V,Original,PYPL,USD,Hop,US,NV
06/22/2020,17:09:00,8/22/2020,93JJA73S,LBB1,10.66,1,Sale,,,,Original,VISA,USD,Hop,US,IL
06/22/2020,17:09:00,8/22/2020,93JJA73S,LBBCoaching,0,1,Sale-RB,,,,Bump,VISA,USD,Hop,US,IL
06/22/2020,16:28:00,8/22/2020,HT88U9CV,LBB6,96.72,1,Sale,,,,Original,PYPL,USD,Hop,US,AL
06/22/2020,16:22:00,N/A,L9JJA778,LBBEXTRA3,-42.81,1,Refund,,,,Original,DISC,USD,Hop,US,IA
06/22/2020,15:47:00,8/22/2020,L9JJA778,LBBEXTRA3,42.81,1,Sale,,L9JJA7VR,,Upsell,DISC,USD,Hop,US,IA
06/22/2020,15:45:00,8/22/2020,L9JJA7VR,LBB3,26.84,1,Sale,,,L9JJA778,Original,DISC,USD,Hop,US,IA
06/22/2020,15:34:00,8/22/2020,TK88U9ZW,LBBEXTRA3,42.81,1,Sale,,TK88U93L,,Upsell,MSTR,USD,Hop,US,NJ
06/22/2020,15:26:00,8/22/2020,TK88U93L,LBB1,10.66,1,Sale,,,TK88U9ZW,Original,MSTR,USD,Hop,US,NJ
06/22/2020,15:26:00,8/22/2020,TK88U93L,LBBCoaching,0,1,Sale-RB,,,TK88U9ZW,Bump,MSTR,USD,Hop,US,NJ
06/22/2020,11:29:00,8/22/2020,3CJJA7DR,LBB3,26.84,1,Sale,,,,Original,VISA,USD,Hop,US,IA
06/22/2020,11:19:00,8/22/2020,NVMIMNDG,LBB1,10.66,1,Sale,,,,Original,MSTR,USD,Hop,US,TX
06/22/2020,9:16:00,8/22/2020,3388U9S2,LBB6,97.48,1,Sale,,,,Original,PYPL,USD,Hop,US,TX
06/22/2020,7:25:00,8/22/2020,8ZQR6AVW-B007,LBHTEA1,77.83,1,Rebill,,,,Original,PYPL,USD,Hop,US,FL
06/22/2020,7:24:00,8/22/2020,S2FQVAJ9-B014,FBHSA17,42.06,1,Rebill,,,,Original,PYPL,USD,Hop,US,CA
06/22/2020,5:42:00,8/22/2020,7N8L6AXP,LBB3,26.85,1,Sale,,,,Original,VISA,USD,Hop,US,NJ
06/22/2020,4:17:00,8/22/2020,N4PJA7ZQ,LBB3,26.8,1,Sale,,,,Original,VISA,USD,Hop,US,SC
06/22/2020,3:54:00,8/22/2020,Y5S9ABNH-B014,FBHSA17,42.06,1,Rebill,,,,Original,DISC,USD,Hop,US,MO
06/23/2020,23:00:00,8/23/2020,Z3WJA7NN,LBB1,10.64,1,Sale,,,,Original,DISC,USD,Hop,US,WA
06/23/2020,22:35:00,8/23/2020,NSD8U9RJ,LBB3,26.86,1,Sale,,,,Original,PYPL,USD,Hop,US,TX
06/23/2020,22:16:00,8/23/2020,Z3WJA7BL,LBB1,10.66,1,Sale,,,,Original,PYPL,USD,Hop,US,TX
06/23/2020,22:02:00,8/23/2020,2P5IMNV3,LBB1,10.64,1,Sale,,,,Original,PYPL,USD,Hop,US,NY
06/23/2020,19:02:00,8/23/2020,BDWJA7SV,LBB1,10.66,1,Sale,,,,Original,MSTR,USD,Hop,US,TX
06/23/2020,18:51:00,8/23/2020,JW5IMNVR,LBB1,10.72,1,Sale,,,,Original,MSTR,USD,Hop,US,FL
06/23/2020,17:44:00,8/23/2020,M45L6AT8,LBBEXTRA3,42.83,1,Sale,,M45L6ABK,,Upsell,DISC,USD,Hop,US,PA
06/23/2020,17:43:00,8/23/2020,M45L6ABK,LBB3,26.86,1,Sale,,,M45L6AT8,Original,DISC,USD,Hop,US,PA
06/23/2020,17:23:00,8/23/2020,3PWJA7WV,LBB3,26.86,1,Sale,,,,Original,VISA,USD,Hop,US,MI
06/23/2020,17:12:00,8/23/2020,M45L6AFS,LBB1,10.64,1,Sale,,,,Original,VISA,USD,Hop,US,NY
06/23/2020,14:58:00,8/23/2020,4N5IMNJX,LBB1,10.66,1,Sale,,,,Original,PYPL,USD,Hop,US,AZ
06/23/2020,13:44:00,8/23/2020,Z8WJA7FG,LBB1,10.65,1,Sale,,,,Original,VISA,USD,Hop,US,WV
06/23/2020,13:29:00,8/23/2020,3L5IMNMZ,LBB6,98.75,1,Sale,,,,Original,PYPL,USD,Hop,US,OR
06/23/2020,12:10:00,8/23/2020,GS5L6A7S,LBB3,26.8,1,Sale,,,,Original,VISA,USD,Hop,US,CA
06/23/2020,11:15:00,8/23/2020,2MD8U9K5,LBB1,10.72,1,Sale,,,,Original,VISA,USD,Hop,US,FL
06/23/2020,9:10:00,8/23/2020,8C4IMNQN,LBB1,10.62,1,Sale,,,,Original,VISA,USD,Hop,US,CA
06/23/2020,8:51:00,8/23/2020,8C4IMN2F,LBB3,26.84,1,Sale,,,,Original,MSTR,USD,Hop,US,PA
06/23/2020,8:15:00,8/23/2020,NVTJA7VJ,LBB1,10.66,1,Sale,,,,Original,VISA,USD,Hop,US,VA
06/23/2020,7:19:00,8/23/2020,J2TJA78W,LBB3,27,1,Sale,,,,Original,PYPL,USD,Hop,US,FL
06/23/2020,6:19:00,8/23/2020,JC2IR3W2-B014,LBHTEA1-N,77.44,1,Rebill,,,,Original,PYPL,USD,Hop,US,TX
06/23/2020,5:43:00,8/23/2020,LG4L6A5W,LBB1,10.66,1,Sale,,,,Original,VISA,USD,Hop,US,MI
06/23/2020,5:31:00,N/A,N528U92H,LBBEXTRA3,-42.82,1,Refund,,,,Original,PYPL,USD,Hop,US,TX
06/23/2020,5:27:00,8/23/2020,NR4IMN6N,LBB3,26.78,1,Sale,,,,Original,VISA,USD,Hop,US,TN
06/23/2020,5:25:00,8/23/2020,N528U9YJ,LBB3,26.87,1,Sale,,,,Original,VISA,USD,Hop,US,WI
06/23/2020,5:16:00,8/23/2020,N528U92H,LBBEXTRA3,42.82,1,Sale,,N528U98T,,Upsell,PYPL,USD,Hop,US,TX
06/23/2020,5:13:00,8/23/2020,N528U98T,LBB1,10.66,1,Sale,,,N528U92H,Original,PYPL,USD,Hop,US,TX
06/23/2020,4:18:00,8/23/2020,DY96A7LL-B008,FBHSA17,41.9,1,Rebill,,,,Original,VISA,USD,Hop,US,LA
06/24/2020,22:52:00,8/24/2020,TWNJA7KD,LBB3,26.81,1,Sale,,,,Original,VISA,USD,Hop,US,NM
06/24/2020,20:28:00,8/24/2020,VVK8U9HQ,LBB3,26.83,1,Sale,,,,Original,VISA,USD,Hop,US,OK
06/24/2020,17:54:00,8/24/2020,Y9BL6A5Y,LBBEXTRA3,42.78,1,Sale,,Y9BL6A82,,Upsell,MSTR,USD,Hop,US,CA
06/24/2020,17:47:00,8/24/2020,Y9BL6A82,LBB6,97.14,1,Sale,,,Y9BL6A5Y,Original,MSTR,USD,Hop,US,CA
06/24/2020,17:12:00,8/24/2020,2GJIMN62,LBB3,26.82,1,Sale,,,,Original,VISA,USD,Hop,US,CA
06/24/2020,16:57:00,8/24/2020,2MNJA7H9,IMMBOX,26.57,1,Sale-RB,,2MNJA78N,,Upsell,PYPL,USD,Hop,US,MI
06/24/2020,16:57:00,8/24/2020,VKJIMNN8,LBB1,10.64,1,Sale,,,,Original,VISA,USD,Hop,US,WA
06/24/2020,16:52:00,8/24/2020,VKJIMN2P,LBB1,10.64,1,Sale,,,,Original,VISA,USD,Hop,US,WA
06/24/2020,16:49:00,8/24/2020,2MNJA795,LBBEXTRA3,42.83,1,Sale,,2MNJA78N,,Upsell,PYPL,USD,Hop,US,MI
06/24/2020,16:44:00,8/24/2020,2MNJA78N,LBB6,97.54,1,Sale,,,"2MNJA795,2MNJA7H9",Original,PYPL,USD,Hop,US,MI
06/24/2020,16:39:00,8/24/2020,RRK8U99N,LBB3,26.77,1,Sale,,,,Original,VISA,USD,Hop,US,AL
06/24/2020,16:17:00,8/24/2020,VKJIMN95,LBB1,10.66,1,Sale,,,,Original,VISA,USD,Hop,US,VA
06/24/2020,16:15:00,8/24/2020,RRK8U996,LBB1,10.66,1,Sale,,,,Original,PYPL,USD,Hop,US,PA
06/24/2020,15:17:00,N/A,WD7L6AXC,LBB6,-97.54,1,Refund,,,,Original,AMEX,USD,Hop,US,PA
06/24/2020,15:17:00,N/A,WD7L6AQC,LBBEXTRA3,-42.83,1,Refund,,,,Original,AMEX,USD,Hop,US,PA
06/24/2020,14:56:00,8/24/2020,YDWIMNTH,LBB3,26.86,1,Sale,,,,Original,MSTR,USD,Hop,US,MI
06/24/2020,14:38:00,8/24/2020,YDWIMNMW,LBBEXTRA3,42.74,1,Sale,,YDWIMNLW,,Upsell,VISA,USD,Hop,US,NY
06/24/2020,14:37:00,8/24/2020,YDWIMNLW,LBB3,26.8,1,Sale,,,YDWIMNMW,Original,VISA,USD,Hop,US,NY
06/24/2020,14:34:00,8/24/2020,CSNJA78C,LBB1,10.65,1,Sale,,,,Original,MSTR,USD,Hop,US,NC
06/24/2020,13:25:00,8/24/2020,WD7L6AQC,LBBEXTRA3,42.83,1,Sale,,WD7L6AXC,,Upsell,AMEX,USD,Hop,US,PA
06/24/2020,13:23:00,8/24/2020,WD7L6AXC,LBB6,97.54,1,Sale,,,WD7L6AQC,Original,AMEX,USD,Hop,US,PA
06/24/2020,12:27:00,8/24/2020,MF7L6A8L,LBBEXTRA3,42.74,1,Sale,,MF7L6ACL,,Upsell,VISA,USD,Hop,US,CA
06/24/2020,12:25:00,8/24/2020,MF7L6ACL,LBB6,96.83,1,Sale,,,MF7L6A8L,Original,VISA,USD,Hop,US,CA
06/24/2020,10:54:00,8/24/2020,Z2DJA7H6,LBB3,26.84,1,Sale,,,,Original,DISC,USD,Hop,US,MS
06/24/2020,10:50:00,8/24/2020,5YWIMNTF,LBB3,26.82,1,Sale,,,,Original,DISC,USD,Hop,US,MO
06/24/2020,10:35:00,8/24/2020,M9DJA7B3,LBB3,26.8,1,Sale,,,,Original,VISA,USD,Hop,US,AZ
06/24/2020,9:58:00,N/A,76V8U9V6,LBB3,-26.85,1,Chargeback,,,,Original,MSTR,USD,Hop,US,NJ
06/24/2020,9:15:00,8/24/2020,C458U9MQ,IMMBOX,26.7,1,Sale-RB,,C458U9YF,,Upsell,VISA,USD,Hop,US,CA
06/24/2020,9:12:00,8/24/2020,C458U9YF,LBB6,97.14,1,Sale,,,C458U9MQ,Original,VISA,USD,Hop,US,CA
06/24/2020,8:19:00,8/24/2020,4558U98D,LBB1,10.66,1,Sale,,,,Original,VISA,USD,Hop,US,CT
06/24/2020,6:56:00,8/24/2020,XZWIMNRP,LBBEXTRA3,42.82,1,Sale,,XZWIMNVY,,Upsell,MSTR,USD,Hop,US,TX
06/24/2020,6:46:00,8/24/2020,XZWIMNVY,LBB3,26.86,1,Sale,,,XZWIMNRP,Original,MSTR,USD,Hop,US,TX
06/24/2020,6:17:00,N/A,HVQ8A7J9-B005,LBHTEA1,-77.54,1,Refund,,,,Original,VISA,USD,Hop,US,HI
06/24/2020,6:02:00,8/24/2020,7PDJA77K,LBB3,26.85,1,Sale,,,,Original,VISA,USD,Hop,US,NC
06/24/2020,4:14:00,8/24/2020,XZGCA7KR-B002,LBHTEA1-N,77.53,1,Rebill,,,,Original,MSTR,USD,Hop,US,VA
06/24/2020,2:33:00,8/24/2020,ZSDJA7Q5,LBB1,10.65,1,Sale,,,,Original,PYPL,USD,Hop,US,GA
06/24/2020,2:31:00,8/24/2020,ZSDJA72N,LBB3,26.86,1,Sale,,,,Original,MSTR,USD,Hop,US,TX
06/25/2020,21:36:00,8/25/2020,29QL6AX8,LBB3,27,1,Sale,,,,Original,VISA,USD,Hop,US,FL
06/25/2020,20:04:00,8/25/2020,SMB8U9LJ,LBB1,10.65,1,Sale,,,,Original,VISA,USD,Hop,US,CA
06/25/2020,18:33:00,8/25/2020,56YJA7JS,LBB3,26.83,1,Sale,,,,Original,MSTR,USD,Hop,US,NV
06/25/2020,18:09:00,8/25/2020,63HL6A5H,LBB1,10.72,1,Sale,,,,Original,MSTR,USD,Hop,US,FL
06/25/2020,18:05:00,8/25/2020,XY48U96B,LBB3,26.86,1,Sale,,,,Original,VISA,USD,Hop,US,MD
06/25/2020,17:35:00,8/25/2020,TC6IMNLJ,LBB1,10.68,1,Sale,,,,Original,MSTR,USD,Hop,US,LA
06/25/2020,17:18:00,8/25/2020,63HL6AWX,IMMBOX,26.54,1,Sale-RB,,63HL6AZC,,Upsell,VISA,USD,Hop,US,OH
06/25/2020,17:09:00,8/25/2020,63HL6AXR,LBBEXTRA3,42.79,1,Sale,,63HL6AZC,,Upsell,VISA,USD,Hop,US,OH
06/25/2020,17:01:00,8/25/2020,63HL6AZC,LBB6,97.28,1,Sale,,,"63HL6AXR,63HL6AWX",Original,VISA,USD,Hop,US,OH
06/25/2020,16:09:00,8/25/2020,M35JA7C9,LBB3,26.8,1,Sale,,,,Original,VISA,USD,Hop,US,NY
06/25/2020,14:09:00,8/25/2020,FQHL6AN8,LBB3,26.86,1,Sale,,,,Original,PYPL,USD,Hop,US,CT
06/25/2020,14:08:00,8/25/2020,FQHL6AZL,LBB3,26.84,1,Sale,,,,Original,VISA,USD,Hop,US,VA
06/25/2020,13:50:00,8/25/2020,F66IMN76,LBBEXTRA3,42.84,1,Sale,,F66IMNMJ,,Upsell,PYPL,USD,Hop,US,VA
06/25/2020,13:48:00,8/25/2020,F66IMNMJ,LBB3,26.86,1,Sale,,,F66IMN76,Original,PYPL,USD,Hop,US,VA
06/25/2020,13:12:00,8/25/2020,97HL6A2F,LBB3,26.86,1,Sale,,,,Original,VISA,USD,Hop,US,MA
06/25/2020,12:54:00,8/25/2020,555JA7MM,LBB6,96.83,1,Sale,,,,Original,VISA,USD,Hop,US,CA
06/25/2020,11:32:00,8/25/2020,9LHL6AS3,LBBEXTRA3,42.8,1,Sale,,9LHL6AKP,,Upsell,VISA,USD,Hop,US,NC
06/25/2020,11:29:00,8/25/2020,9LHL6AKP,LBB3,26.85,1,Sale,,,9LHL6AS3,Original,VISA,USD,Hop,US,NC
06/25/2020,10:47:00,8/25/2020,9LHL6AP8,LBB3,26.82,1,Sale,,,,Original,MSTR,USD,Hop,US,CA
06/25/2020,10:33:00,8/25/2020,PV6IMNSH,LBB1,10.66,1,Sale,,,,Original,VISA,USD,Hop,US,IL
06/25/2020,9:00:00,8/25/2020,DQ48U9NR,LBB3,26.81,1,Sale,,,,Original,VISA,USD,Hop,US,WA
06/25/2020,8:15:00,8/25/2020,XN6IMNKT,LBB3,26.88,1,Sale,,,,Original,VISA,USD,Hop,US,VA
06/25/2020,6:14:00,8/25/2020,PFY86AVH-B002,FBHSA17,41.81,1,Rebill,,,,Original,PYPL,USD,Hop,US,IN
06/25/2020,5:19:00,8/25/2020,ZSJIMNJP,LBB3,26.8,1,Sale,,,,Original,PYPL,USD,Hop,US,NY
06/25/2020,5:08:00,8/25/2020,8CHL6A4J,LBB3,26.84,1,Sale,,,,Original,VISA,USD,Hop,US,GA
06/25/2020,4:25:00,8/25/2020,SVVI738K-B012,FBHSA17,42.06,1,Rebill,,,,Original,VISA,USD,Hop,US,CA
06/25/2020,4:16:00,8/25/2020,4WQIR3WC-B014,LBHTEA1-N,77.31,1,Rebill,,,,Original,VISA,USD,Hop,US,AL
06/25/2020,4:07:00,8/25/2020,DPVIS3SV-B010,FBHSA17,42.06,1,Rebill,,,,Original,DISC,USD,Hop,US,FL
06/25/2020,4:00:00,8/25/2020,GGVMA7Z6-B007,FBHSA17,42.06,1,Rebill,,,,Original,MSTR,USD,Hop,US,FL
06/25/2020,3:57:00,8/25/2020,4PRIQNSY-B006,FBHSA17,42.06,1,Rebill,,,,Original,MSTR,USD,Hop,US,MA
06/25/2020,3:48:00,8/25/2020,TLK8U92K,LBB6,97.41,1,Sale,,,,Original,VISA,USD,Hop,US,NJ
06/26/2020,23:55:00,8/26/2020,26H8U9C2,LBBEXTRA3,42.82,1,Sale,,26H8U9R2,,Upsell,VISA,USD,Hop,US,TX
06/26/2020,23:49:00,8/26/2020,26H8U9R2,LBB3,26.86,1,Sale,,,"26H8U9C2,26H8U9WD",Original,VISA,USD,Hop,US,TX
06/26/2020,22:09:00,8/26/2020,7S9IMNQN,LBB3,26.84,1,Sale,,,,Original,PYPL,USD,Hop,US,NC
06/26/2020,21:35:00,8/26/2020,5V9JA79G,LBB3,26.77,1,Sale,,,,Original,PYPL,USD,Hop,US,AR
06/26/2020,20:38:00,8/26/2020,579IMNKH,LBB3,26.79,1,Sale,,,,Original,MSTR,USD,Hop,US,TN
06/26/2020,19:46:00,8/26/2020,579IMN8N,LBB3,26.82,1,Sale,,,,Original,MSTR,USD,Hop,US,GA
06/26/2020,19:38:00,8/26/2020,699JA7QX,LBBEXTRA3,43.02,1,Sale,,699JA74H,,Upsell,VISA,USD,Hop,US,OR
06/26/2020,19:36:00,8/26/2020,699JA74H,LBB6,98.75,1,Sale,,,699JA7QX,Original,VISA,USD,Hop,US,OR
06/26/2020,19:25:00,8/26/2020,G2GL6A5B,LBBEXTRA3,42.72,1,Sale,,G2GL6AY5,,Upsell,VISA,USD,Hop,US,AR
06/26/2020,19:19:00,8/26/2020,G2GL6AY5,LBB3,26.79,1,Sale,,,G2GL6A5B,Original,VISA,USD,Hop,US,AR
06/26/2020,18:26:00,8/26/2020,699JA7CJ,LBB3,26.78,1,Sale,,,,Original,PYPL,USD,Hop,US,MO
06/26/2020,18:06:00,8/26/2020,699JA767,LBB3,27,1,Sale,,,,Original,MSTR,USD,Hop,US,FL
06/26/2020,16:38:00,8/26/2020,MBGL6AKS,LBBEXTRA3,42.82,1,Sale,,MBGL6A7W,,Upsell,VISA,USD,Hop,US,IL
06/26/2020,16:35:00,8/26/2020,MBGL6A7W,LBB1,10.66,1,Sale,,,MBGL6AKS,Original,VISA,USD,Hop,US,IL
06/26/2020,16:14:00,8/26/2020,S59IMNTV,LBB1,10.66,1,Sale,,,,Original,MSTR,USD,Hop,US,VA
06/26/2020,16:13:00,8/26/2020,D5T8U94N,LBB1,10.64,1,Sale,,,,Original,PYPL,USD,Hop,US,NY
06/26/2020,14:52:00,8/26/2020,BZ9IMNMR,LBB1,10.66,1,Sale,,,,Original,MSTR,USD,Hop,US,TX
06/26/2020,14:39:00,8/26/2020,BZ9IMN4W,LBBEXTRA3,42.8,1,Sale,,BZ9IMND5,,Upsell,PYPL,USD,Hop,US,ND
06/26/2020,14:38:00,8/26/2020,BZ9IMND5,LBB6,97.33,1,Sale,,,BZ9IMN4W,Original,PYPL,USD,Hop,US,ND
06/26/2020,14:03:00,8/26/2020,BZ9IMNPG,LBBEXTRA3,42.83,1,Sale,,BZ9IMN5F,,Upsell,PYPL,USD,Hop,US,WV
06/26/2020,14:02:00,8/26/2020,WP9JA7LM,LBB1,10.65,1,Sale,,,,Original,PYPL,USD,Hop,US,CA
06/26/2020,14:02:00,8/26/2020,BZ9IMN5F,LBB1,10.66,1,Sale,,,BZ9IMNPG,Original,PYPL,USD,Hop,US,WV
06/26/2020,13:00:00,8/26/2020,39T8U998,LBB1,10.63,1,Sale,,,,Original,VISA,USD,Hop,US,TN
06/26/2020,12:49:00,8/26/2020,J39IMNL5,LBB1,10.65,1,Sale,,,,Original,VISA,USD,Hop,US,CA
06/26/2020,12:42:00,8/26/2020,QXGL6AZ3,LBBEXTRA3,42.84,1,Sale,,QXGL6AMP,,Upsell,VISA,USD,Hop,US,ID
06/26/2020,12:41:00,8/26/2020,QXGL6AMP,LBB3,26.86,1,Sale,,,QXGL6AZ3,Original,VISA,USD,Hop,US,ID
06/26/2020,11:46:00,8/26/2020,289JA72G,LBB3,26.84,1,Sale,,,,Original,VISA,USD,Hop,US,MS
06/26/2020,11:39:00,N/A,2CBJA739,LBB1,-10.65,1,Chargeback,,,,Original,MSTR,USD,Hop,US,SC
06/26/2020,10:41:00,8/26/2020,RQ9IMN7K,FBHSA17,0,1,Sale-RB,,RQ9IMNW2,,Upsell,VISA,USD,Hop,US,FL
06/26/2020,10:37:00,8/26/2020,RQ9IMNNB,LBBEXTRA3,43.02,1,Sale,,RQ9IMNW2,,Upsell,VISA,USD,Hop,US,FL
06/26/2020,10:34:00,8/26/2020,RQ9IMNW2,LBB3,27,1,Sale,,,"RQ9IMNNB,RQ9IMN7K",Original,VISA,USD,Hop,US,FL
06/26/2020,9:35:00,8/26/2020,YXT8U9P9,LBB3,26.81,1,Sale,,,,Original,DISC,USD,Hop,US,KS
06/26/2020,9:05:00,8/26/2020,Z6T8U9XC,LBB6,96.98,1,Sale,,,,Original,VISA,USD,Hop,US,CA
06/26/2020,9:00:00,8/26/2020,Z6T8U9TL,IMMBOX,26.7,1,Sale-RB,,Z6T8U9TT,,Upsell,PYPL,USD,Hop,US,SC
06/26/2020,8:58:00,8/26/2020,Z6T8U97S,LBB3,27,1,Sale,,,,Original,VISA,USD,Hop,US,FL
06/26/2020,8:56:00,8/26/2020,Z6T8U9NS,LBBEXTRA3,42.78,1,Sale,,Z6T8U9TT,,Upsell,PYPL,USD,Hop,US,SC
06/26/2020,8:54:00,8/26/2020,Z6T8U9TT,LBB6,97.13,1,Sale,,,"Z6T8U9NS,Z6T8U9TL",Original,PYPL,USD,Hop,US,SC
06/26/2020,7:46:00,8/26/2020,ZBNMVACK-B012,FBHSA17,41.78,1,Rebill,,,,Original,PYPL,USD,Hop,US,NM
06/26/2020,7:12:00,8/26/2020,MYB8U9D9,LBBEXTRA3,43.02,1,Sale,,MYB8U9BF,,Upsell,VISA,USD,Hop,US,FL
06/26/2020,7:10:00,8/26/2020,MYB8U9BF,LBB3,27,1,Sale,,,MYB8U9D9,Original,VISA,USD,Hop,US,FL
06/26/2020,6:35:00,8/26/2020,GFF6U9Q2-B009,FBHSA17,42.06,1,Rebill,,,,Original,PYPL,USD,Hop,US,FL
06/26/2020,4:20:00,8/26/2020,2Q8IVNH6-B002,LBHTEA1-N,77.49,1,Rebill,,,,Original,MSTR,USD,Hop,US,WI
06/26/2020,4:07:00,8/26/2020,9BKI2N42-B008,LBHTEA1,77.58,1,Rebill,,,,Original,VISA,USD,Hop,US,LA
06/27/2020,21:09:00,8/27/2020,452JA7FM,LBBEXTRA3,42.8,1,Sale,,452JA76Q,,Upsell,VISA,USD,Hop,US,NC
06/27/2020,21:03:00,8/27/2020,452JA76Q,LBB3,26.85,1,Sale,,,452JA7FM,Original,VISA,USD,Hop,US,NC
06/27/2020,20:15:00,8/27/2020,95YL6AV5,LBBEXTRA3,42.82,1,Sale,,95YL6AML,,Upsell,AMEX,USD,Hop,US,TX
06/27/2020,20:09:00,8/27/2020,95YL6AML,LBB3,26.86,1,Sale,,,95YL6AV5,Original,AMEX,USD,Hop,US,TX
06/27/2020,17:17:00,8/27/2020,JVYL6ANF,LBB1,10.66,1,Sale,,,,Original,VISA,USD,Hop,US,TX
06/27/2020,17:12:00,8/27/2020,JVYL6AMM,LBB1,10.66,1,Sale,,,,Original,VISA,USD,Hop,US,TX
06/27/2020,16:31:00,8/27/2020,MNS8U9HS,FBHSA17,0,1,Sale-RB,,MNS8U9DB,,Upsell,PYPL,USD,Hop,US,NY
06/27/2020,16:22:00,8/27/2020,MNS8U9VT,LBBEXTRA3,42.76,1,Sale,,MNS8U9DB,,Upsell,PYPL,USD,Hop,US,NY
06/27/2020,16:20:00,8/27/2020,MNS8U9DB,LBB6,97.13,1,Sale,,,"MNS8U9VT,MNS8U9HS",Original,PYPL,USD,Hop,US,NY
06/27/2020,15:46:00,8/27/2020,2LYIMN25,LBB3,27,1,Sale,,,,Original,DISC,USD,Hop,US,FL
06/27/2020,14:34:00,8/27/2020,QR2JA7VP,LBB1,10.66,1,Sale,,,,Original,VISA,USD,Hop,US,KY
06/27/2020,13:06:00,8/27/2020,4BYIMN32,LBB6,97.33,1,Sale,,,,Original,MSTR,USD,Hop,US,IA
06/27/2020,12:57:00,8/27/2020,H6S8U9TD,LBB1,10.64,1,Sale,,,,Original,VISA,USD,Hop,US,GA
06/27/2020,12:42:00,8/27/2020,3S2JA7L7,LBB3,26.82,1,Sale,,,,Original,MSTR,USD,Hop,US,CA
06/27/2020,12:13:00,8/27/2020,H6S8U92M,LBBEXTRA3,42.84,1,Sale,,SCH8U9GY,,Upsell,VISA,USD,Hop,US,MA
06/27/2020,12:07:00,8/27/2020,SCH8U9GY,LBB6,97.48,1,Sale,,,H6S8U92M,Original,VISA,USD,Hop,US,MA
06/27/2020,11:56:00,8/27/2020,SCH8U9CL,LBB1,10.65,1,Sale,,,,Original,VISA,USD,Hop,US,CA
06/27/2020,11:50:00,8/27/2020,6XGJA76G,LBB1,10.64,1,Sale,,,,Original,MSTR,USD,Hop,US,UT
06/27/2020,11:46:00,8/27/2020,5DHIMNGK,LBB6,97.05,1,Sale,,,,Original,PYPL,USD,Hop,US,CA
06/27/2020,11:23:00,8/27/2020,78HIMN77,LBB3,26.79,1,Sale,,,,Original,DISC,USD,Hop,US,CA
06/27/2020,10:59:00,8/27/2020,6XGJA7NQ,LBB3,27,1,Sale,,,,Original,MSTR,USD,Hop,US,FL
06/27/2020,9:45:00,8/27/2020,X7HIMN6W,FBHSA17,0,1,Sale-RB,,X7HIMN6X,,Upsell,MSTR,USD,Hop,US,GA
06/27/2020,9:35:00,8/27/2020,X7HIMN6X,LBB3,26.8,1,Sale,,,X7HIMN6W,Original,MSTR,USD,Hop,US,GA
06/27/2020,7:30:00,8/27/2020,FJGQU9C4-B003,LBHTEA1,77.83,1,Rebill,,,,Original,PYPL,USD,Hop,US,FL
06/27/2020,7:28:00,8/27/2020,KH2L6ABG,LBB1,10.66,1,Sale,,,,Original,PYPL,USD,Hop,US,OH
06/27/2020,7:19:00,8/27/2020,GQXCA79B-B002,LBHTEA1,77.41,1,Rebill,,,,Original,PYPL,USD,Hop,US,NJ
06/27/2020,6:34:00,8/27/2020,JLYS6ACZ-B006,LBHTEA1,77.44,1,Rebill,,,,Original,PYPL,USD,Hop,US,IL
06/27/2020,6:09:00,8/27/2020,FWTXABB8-B010,FBHSA17,42.06,1,Rebill,,,,Original,PYPL,USD,Hop,US,CA
06/27/2020,5:42:00,8/27/2020,5TGJA7TT,LBB1,10.65,1,Sale,,,,Original,VISA,USD,Hop,US,KS
06/27/2020,5:42:00,8/27/2020,5TGJA7LT,LBB1,10.72,1,Sale,,,,Original,VISA,USD,Hop,US,FL
06/27/2020,5:29:00,8/27/2020,5TGJA7DL,LBB6,97.38,1,Sale,,,,Original,MSTR,USD,Hop,US,NC
06/27/2020,4:29:00,8/27/2020,3FH8U9SL,LBB3,26.82,1,Sale,,,,Original,VISA,USD,Hop,US,PA
06/27/2020,4:20:00,8/27/2020,F62L6AJ4,LBB1,10.66,1,Sale,,,,Original,MSTR,USD,Hop,US,PA
06/27/2020,3:56:00,8/27/2020,79YPU9DQ-B007,FBHSA17,41.81,1,Rebill,,,,Original,VISA,USD,Hop,US,NC
06/27/2020,0:31:00,8/27/2020,YC2L6ALL,LBBEXTRA3,42.73,1,Sale,,YC2L6ARL,,Upsell,VISA,USD,Hop,US,OK
06/27/2020,0:29:00,8/27/2020,YC2L6ARL,LBB6,96.91,1,Sale,,,YC2L6ALL,Original,VISA,USD,Hop,US,OK
06/27/2020,0:03:00,8/27/2020,26H8U9WD,IMMBOX,26.56,1,Sale-RB,,26H8U9R2,,Upsell,VISA,USD,Hop,US,TX
06/28/2020,21:46:00,8/28/2020,8PVJA7RS,LBB3,26.79,1,Sale,,,,Original,PYPL,USD,Hop,US,CA
06/28/2020,20:51:00,N/A,RXFL6AHF,LBBEXTRA3,-42.71,1,Refund,,,,Original,MSTR,USD,Hop,US,MO
06/28/2020,20:29:00,8/28/2020,RXFL6AHF,LBBEXTRA3,42.71,1,Sale,,RXFL6AKF,,Upsell,MSTR,USD,Hop,US,MO
06/28/2020,20:27:00,8/28/2020,RXFL6AKF,LBB1,10.63,1,Sale,,,RXFL6AHF,Original,MSTR,USD,Hop,US,MO
06/28/2020,20:18:00,8/28/2020,2KVJA7X7,LBB1,10.64,1,Sale,,,,Original,MSTR,USD,Hop,US,AZ
06/28/2020,18:38:00,8/28/2020,9RJ8U9QG,LBBEXTRA3,42.74,1,Sale,,9RJ8U9YP,,Upsell,MSTR,USD,Hop,US,NY
06/28/2020,18:37:00,8/28/2020,9RJ8U9YP,LBB6,97,1,Sale,,,9RJ8U9QG,Original,MSTR,USD,Hop,US,NY
06/28/2020,18:32:00,8/28/2020,LRFL6AGM,LBB1,10.65,1,Sale,,,,Original,PYPL,USD,Hop,US,OH
06/28/2020,18:05:00,8/28/2020,5MJ8U9XL,LBBEXTRA3,42.8,1,Sale,,5MJ8U9ZS,,Upsell,VISA,USD,Hop,US,IN
06/28/2020,18:02:00,8/28/2020,5MJ8U9ZS,LBB1,10.65,1,Sale,,,5MJ8U9XL,Original,VISA,USD,Hop,US,IN
06/28/2020,17:47:00,8/28/2020,LRFL6ADJ,LBBEXTRA3,42.76,1,Sale,,LRFL6AHJ,,Upsell,MSTR,USD,Hop,US,MO
06/28/2020,17:46:00,8/28/2020,LRFL6AHJ,LBB6,97.08,1,Sale,,,LRFL6ADJ,Original,MSTR,USD,Hop,US,MO
06/28/2020,16:07:00,8/28/2020,MD7IMNNN,LBB1,10.65,1,Sale,,,,Original,VISA,USD,Hop,US,NV
06/28/2020,14:56:00,8/28/2020,WH3JA7NR,LBB6,97.36,1,Sale,,,,Original,MSTR,USD,Hop,US,MN
06/28/2020,10:24:00,8/28/2020,KD3JA7Z9,IMMBOX,26.7,1,Sale-RB,,KD3JA75Y,,Upsell,MSTR,USD,Hop,US,CA
06/28/2020,10:22:00,8/28/2020,KD3JA7Q9,LBBEXTRA3,42.78,1,Sale,,KD3JA75Y,,Upsell,MSTR,USD,Hop,US,CA
06/28/2020,10:22:00,8/28/2020,KD3JA75Y,LBB6,97.08,1,Sale,,,"KD3JA7Q9,KD3JA7Z9",Original,MSTR,USD,Hop,US,CA
06/28/2020,8:54:00,8/28/2020,L8L8U9VZ,LBB3,26.86,1,Sale,,,,Original,AMEX,USD,Hop,US,GA
06/28/2020,8:51:00,N/A,LZL8U945,LBB3,-27,1,Refund,,,,Original,MSTR,USD,Hop,US,FL
06/28/2020,8:27:00,8/28/2020,TLML6AN6,LBBEXTRA3,42.84,1,Sale,,TLML6A46,,Upsell,MSTR,USD,Hop,US,MA
06/28/2020,8:26:00,8/28/2020,TLML6A46,LBB1,10.66,1,Sale,,,TLML6AN6,Original,MSTR,USD,Hop,US,MA
06/28/2020,8:09:00,8/28/2020,TLML6APC,LBB3,26.85,1,Sale,,,,Original,VISA,USD,Hop,US,NJ
06/28/2020,8:05:00,8/28/2020,LZL8U945,LBB3,27,1,Sale,,,,Original,MSTR,USD,Hop,US,FL
06/28/2020,7:42:00,8/28/2020,LZL8U9HR,LBB6,97.91,1,Sale,,,,Original,MSTR,USD,Hop,US,HI
06/28/2020,7:30:00,8/28/2020,TM54UF7G-B015,FBHSA17,42.06,1,Rebill,,,,Original,PYPL,USD,Hop,US,IA
06/28/2020,6:35:00,8/28/2020,Y37IMNHV,LBB1,10.64,1,Sale,,,,Original,PYPL,USD,Hop,US,SC
06/28/2020,6:33:00,8/28/2020,B8KDVAT7-B009,LBHTEA1,77.83,1,Rebill,,,,Original,PYPL,USD,Hop,US,FL
06/28/2020,6:19:00,8/28/2020,VLW5ABSK-B015,FBHSA17,41.86,1,Rebill,,,,Original,PYPL,USD,Hop,US,WI
06/28/2020,4:30:00,8/28/2020,TVQI93B9-B014,FBHSA17,42.06,1,Rebill,,,,Original,VISA,USD,Hop,US,MA
06/29/2020,22:55:00,8/29/2020,DCPL6A8M,LBB3,26.8,1,Sale,,,,Original,VISA,USD,Hop,US,NY
06/29/2020,18:46:00,8/29/2020,F34JA7R3,LBB3,26.86,1,Sale,,,,Original,PYPL,USD,Hop,US,VA
06/29/2020,18:34:00,8/29/2020,578IMNRH,LBB1,10.66,1,Sale,,,,Original,MSTR,USD,Hop,US,KY
06/29/2020,18:05:00,8/29/2020,DYNL6AS5,LBB3,27,1,Sale,,,,Original,MSTR,USD,Hop,US,AK
06/29/2020,16:51:00,8/29/2020,YHW8U953,LBB1,10.66,1,Sale,,,,Original,VISA,USD,Hop,US,VA
06/29/2020,16:09:00,8/29/2020,CQNL6AW7,LBB3,26.82,1,Sale,,,,Original,VISA,USD,Hop,US,WA
06/29/2020,16:05:00,8/29/2020,4R8IMNVZ,LBB3,26.78,1,Sale,,,,Original,VISA,USD,Hop,US,TN
06/29/2020,15:43:00,8/29/2020,4R8IMNZL,LBB6,97.64,1,Sale,,,,Original,PYPL,USD,Hop,US,WI
06/29/2020,14:54:00,8/29/2020,LD4JA725,LBBEXTRA3,42.75,1,Sale,,LD4JA77N,,Upsell,MSTR,USD,Hop,US,NV
06/29/2020,14:45:00,8/29/2020,LD4JA77N,LBB3,26.81,1,Sale,,,LD4JA725,Original,MSTR,USD,Hop,US,NV
06/29/2020,13:36:00,8/29/2020,75NL6AVW,LBB1,10.65,1,Sale,,,,Original,VISA,USD,Hop,US,CO
06/29/2020,12:32:00,8/29/2020,4ZW8U9NK,LBB3,26.86,1,Sale,,,,Original,VISA,USD,Hop,US,TX
06/29/2020,12:12:00,8/29/2020,JL4JA74V,LBBEXTRA3,42.71,1,Sale,,JL4JA7RV,,Upsell,MSTR,USD,Hop,US,TN
06/29/2020,12:10:00,8/29/2020,JL4JA7RV,LBB1,10.63,1,Sale,,,JL4JA74V,Original,MSTR,USD,Hop,US,TN
06/29/2020,12:04:00,8/29/2020,R8NL6A8X,LBB3,26.86,1,Sale,,,,Original,MSTR,USD,Hop,US,TX
06/29/2020,11:23:00,8/29/2020,JL4JA7P7,LBB1,10.64,1,Sale,,,,Original,VISA,USD,Hop,US,SC
06/29/2020,9:50:00,8/29/2020,SL8IMNBM,LBB3,27,1,Sale,,,,Original,VISA,USD,Hop,US,FL
06/29/2020,8:24:00,8/29/2020,F6YXABZL-B010,FBHSA17,41.83,1,Rebill,,,,Original,PYPL,USD,Hop,US,TX
06/29/2020,7:54:00,8/29/2020,29CGU9S5-B006,LBHTEA1,77.47,1,Rebill,,,,Original,PYPL,USD,Hop,US,MA
06/29/2020,6:45:00,8/29/2020,QCNL6A9W,LBBEXTRA3,42.8,1,Sale,,QCNL6ADT,,Upsell,VISA,USD,Hop,US,UT
06/29/2020,6:44:00,8/29/2020,KY9I63PT-B015,FBHSA17,42.06,1,Rebill,,,,Original,PYPL,USD,Hop,US,OK
06/29/2020,6:41:00,8/29/2020,QCNL6ADT,LBB3,26.84,1,Sale,,,QCNL6A9W,Original,VISA,USD,Hop,US,UT
06/29/2020,6:28:00,8/29/2020,TS4JA7GB,LBB3,26.8,1,Sale,,,,Original,VISA,USD,Hop,US,NY
06/29/2020,6:18:00,8/29/2020,B7SIP337-B011,LBHTEA1,77.39,1,Rebill,,,,Original,PYPL,USD,Hop,US,MS
06/29/2020,4:33:00,8/29/2020,GK23VA8H-B010,FBHSA17,41.82,1,Rebill,,,,Original,VISA,USD,Hop,US,NJ
06/29/2020,4:27:00,8/29/2020,JSZID3G3-B009,LBHTEA1,77.37,1,Rebill,,,,Original,MSTR,USD,Hop,US,NC
06/29/2020,4:27:00,8/29/2020,85H3VAFN-B010,FBHSA17,41.84,1,Rebill,,,,Original,VISA,USD,Hop,US,PA
06/29/2020,4:21:00,8/29/2020,S7HIS3YC-B010,FBHSA17,42.06,1,Rebill,,,,Original,VISA,USD,Hop,US,CA
06/29/2020,4:07:00,8/29/2020,RMFL6AQJ,LBBEXTRA3,42.69,1,Sale,,RMFL6A36,,Upsell,VISA,USD,Hop,US,OK
06/29/2020,4:03:00,8/29/2020,RMFL6A36,LBB1,10.62,1,Sale,,,RMFL6AQJ,Original,VISA,USD,Hop,US,OK
06/29/2020,4:01:00,8/29/2020,2TYGU9LJ-B006,LBHTEA1,77.37,1,Rebill,,,,Original,DISC,USD,Hop,US,OH
06/29/2020,3:54:00,8/29/2020,RFWS6A3B-B007,FBHSA17,41.83,1,Rebill,,,,Original,MSTR,USD,Hop,US,TX
06/30/2020,20:15:00,8/30/2020,M5XJA7H2,LBB3,26.86,1,Sale,,,,Original,VISA,USD,Hop,US,TX
06/30/2020,20:11:00,8/30/2020,3HY8U926,LBB3,26.82,1,Sale,,,,Original,PYPL,USD,Hop,US,CA
06/30/2020,18:26:00,8/30/2020,4KY8U976,LBB1,10.62,1,Sale,,,,Original,VISA,USD,Hop,US,CA
06/30/2020,15:52:00,N/A,GQXCA79B-B002,LBHTEA1,-77.41,1,Refund,,,,Original,PYPL,USD,Hop,US,NJ
06/30/2020,15:36:00,N/A,GQXCA7RM,OB-Package,0,1,Refund,hackvidalytics,,,Original,PYPL,USD,Hop,US,NJ
06/30/2020,15:36:00,N/A,GQXCA7RM,rfnd-0004,-1,1,Charge,,,,Original,,,Hop,,
06/30/2020,15:36:00,N/A,GQXCA7RM,417,0,1,Refund,hackvidalytics,,,Original,PYPL,USD,Hop,US,NJ
06/30/2020,15:34:00,8/30/2020,MCXJA7L7,LBB1,10.64,1,Sale,,,,Original,VISA,USD,Hop,US,AL
06/30/2020,15:25:00,8/30/2020,9XSIMN8X,LBB1,10.64,1,Sale,,,,Original,PYPL,USD,Hop,US,NY
06/30/2020,14:58:00,8/30/2020,2Z3L6A92,LBB1,10.65,1,Sale,,,,Original,VISA,USD,Hop,US,MS
06/30/2020,14:11:00,8/30/2020,R3Y8U9GH,LBB1,10.65,1,Sale,,,,Original,VISA,USD,Hop,US,IN
06/30/2020,10:20:00,8/30/2020,G3PL6A22,LBB3,26.8,1,Sale,,,,Original,MSTR,USD,Hop,US,NY
06/30/2020,10:12:00,8/30/2020,G3PL6APB,LBB3,26.86,1,Sale,,,,Original,VISA,USD,Hop,US,TX
06/30/2020,9:24:00,8/30/2020,SZHJA77S,LBB3,27,1,Sale,,,,Original,VISA,USD,Hop,US,OR
06/30/2020,8:25:00,8/30/2020,SLC8U9CL,LBBEXTRA3,43.02,1,Sale,,SLC8U9NL,,Upsell,VISA,USD,Hop,US,OR
06/30/2020,8:23:00,8/30/2020,SLC8U9NL,LBB3,27,1,Sale,,,SLC8U9CL,Original,VISA,USD,Hop,US,OR
06/30/2020,7:56:00,8/30/2020,SLC8U9S8,LBBEXTRA3,42.79,1,Sale,,SLC8U998,,Upsell,VISA,USD,Hop,US,UT
06/30/2020,7:54:00,8/30/2020,SLC8U998,LBB3,26.82,1,Sale,,,SLC8U9S8,Original,VISA,USD,Hop,US,UT
06/30/2020,4:17:00,8/30/2020,KD6J6AVL-B003,LBHTEA1,77.32,1,Rebill,,,,Original,MSTR,USD,Hop,US,WA
06/30/2020,3:55:00,8/30/2020,S89QU99Q-B003,LBHTEA1,77.48,1,Rebill,,,,Original,VISA,USD,Hop,US,SC
06/30/2020,3:48:00,8/30/2020,95PL6AY9,LBB6,97.13,1,Sale,,,,Original,VISA,USD,Hop,US,GA
06/30/2020,3:48:00,8/30/2020,JZC8U945,LBB6,97.48,1,Sale,,,,Original,VISA,USD,Hop,US,IL
06/30/2020,0:58:00,8/30/2020,5ZPL6AGK,LBB3,26.9,1,Sale,,,,Original,MSTR,USD,Hop,US,LA
06/30/2020,0:38:00,8/30/2020,SGCIMN8L,LBB3,26.82,1,Sale,,,,Original,DISC,USD,Hop,US,CA
1/7/2020,21:27:00,N/A,8X7IVN5M,rfnd-0004,-1,1,Charge,,,,Original,,,Hop,,
1/7/2020,21:27:00,N/A,8X7IVN5M,lbhdtea3n,-128.81,1,Refund,,,,Original,VISA,USD,Hop,US,MA
1/7/2020,21:21:00,8/31/2020,6LT46AS5,LBBEXTRA3,42.8,1,Sale,,6LT46AS4,,Upsell,PYPL,USD,Hop,US,RI
1/7/2020,21:18:00,8/31/2020,6LT46AS4,LBB1,10.65,1,Sale,,,6LT46AS5,Original,PYPL,USD,Hop,US,RI
1/7/2020,19:04:00,8/31/2020,5KSTA75H,LBB1,10.66,1,Sale,,,,Original,PYPL,USD,Hop,US,KY
1/7/2020,16:24:00,8/31/2020,BFTI4NG3,LBBEXTRA3,42.83,1,Sale,,Q2TI4NSY,,Upsell,DISC,USD,Hop,US,PA
1/7/2020,15:39:00,8/31/2020,Q2TI4NSY,LBB3,26.86,1,Sale,,,BFTI4NG3,Original,DISC,USD,Hop,US,PA
1/7/2020,14:51:00,8/31/2020,8662U998,LBBEXTRA3,42.8,1,Sale,,8662U9ZV,,Upsell,PYPL,USD,Hop,US,CO
1/7/2020,14:50:00,8/31/2020,8662U9ZV,LBB3,26.84,1,Sale,,,8662U998,Original,PYPL,USD,Hop,US,CO
1/7/2020,14:05:00,8/31/2020,FPDL6A8N,LBB1,10.65,1,Sale,,,,Original,VISA,USD,Hop,US,OH
1/7/2020,12:03:00,8/31/2020,JFDL6ASV,LBB3,26.82,1,Sale,,,,Original,VISA,USD,Hop,US,CA
1/7/2020,11:04:00,8/31/2020,HH78U9QD,LBB1,10.65,1,Sale,,,,Original,MSTR,USD,Hop,US,GA
1/7/2020,10:05:00,8/31/2020,PRDIMNM4,LBB3,26.78,1,Sale,,,,Original,PYPL,USD,Hop,US,MO
1/7/2020,9:44:00,8/31/2020,K9ZJA7F6,LBB1,10.66,1,Sale,,,,Original,PYPL,USD,Hop,US,TX
1/7/2020,8:10:00,8/31/2020,FD78U94S,LBB3,26.81,1,Sale,,,,Original,MSTR,USD,Hop,US,NV
1/7/2020,8:04:00,8/31/2020,FD78U97B,LBB1,10.67,1,Sale,,,,Original,VISA,USD,Hop,US,WI
1/7/2020,7:49:00,8/31/2020,CNZW6AWG-B007,LBHTEA1,77.42,1,Rebill,,,,Original,PYPL,USD,Hop,US,SD
1/7/2020,6:35:00,8/31/2020,DSQ8A7C9-B006,LBHTEA1,77.28,1,Rebill,,,,Original,PYPL,USD,Hop,US,NY
1/7/2020,4:25:00,8/31/2020,RFFIQNX3-B006,FBHSA17,42.06,1,Rebill,,,,Original,DISC,USD,Hop,US,GA
1/7/2020,4:20:00,8/31/2020,C8ZJA7B5,LBB1,10.64,1,Sale,,,,Original,VISA,USD,Hop,US,CA
1/7/2020,4:19:00,8/31/2020,97WITN7H-B009,FBHSA17,42.06,1,Rebill,,,,Original,VISA,USD,Hop,US,MD
1/7/2020,4:18:00,8/31/2020,MQVIVNG5-B003,FBHSA17,42.06,1,Rebill,,,,Original,VISA,USD,Hop,US,NV
1/7/2020,4:14:00,8/31/2020,QVTIBNHB-B008,FBHSA17,42.06,1,Rebill,,,,Original,VISA,USD,Hop,US,MO
1/7/2020,4:07:00,8/31/2020,22LCUFGZ-B010,LBHTEA1,42.57,1,Rebill,,,,Original,DISC,USD,Hop,US,TX
1/7/2020,3:53:00,8/31/2020,Y5FVABNM-B012,FBHSA17,42.06,1,Rebill,,,,Original,VISA,USD,Hop,US,FL
1/7/2020,3:53:00,8/31/2020,9NZS6ASK-B007,FBHSA17,41.84,1,Rebill,,,,Original,MSTR,USD,Hop,US,PA
2/7/2020,17:43:00,9/1/2020,5C2I4N84,LBB3,26.87,1,Sale,,,,Original,VISA,USD,Hop,US,WI
2/7/2020,15:17:00,N/A,9G8JA7TR-B002,FBHSA17,-42.06,1,Refund,,,,Original,VISA,USD,Hop,US,CA
2/7/2020,14:17:00,9/1/2020,9QC46AVY,LBBEXTRA3,42.8,1,Sale,,9QC46A42,,Upsell,PYPL,USD,Hop,US,GA
2/7/2020,14:16:00,9/1/2020,9QC46A42,LBB6,97.33,1,Sale,,,9QC46AVY,Original,PYPL,USD,Hop,US,GA
2/7/2020,14:14:00,9/1/2020,3M4I2NMF-B008,LBHTEA1-N,77.45,1,Rebill,,,,Original,PYPL,USD,Hop,US,DC
2/7/2020,14:01:00,9/1/2020,B96TA7SF,LBB6,98.75,1,Sale,,,,Original,PYPL,USD,Hop,US,DE
2/7/2020,13:18:00,9/1/2020,9QC46ASR,LBB6,98.75,1,Sale,,,,Original,MSTR,USD,Hop,US,OR
2/7/2020,13:06:00,9/1/2020,NJ2I4NS4,LBBEXTRA3,42.82,1,Sale,,NJ2I4NR4,,Upsell,DISC,USD,Hop,US,IL
2/7/2020,13:05:00,9/1/2020,NJ2I4NR4,LBB3,26.86,1,Sale,,,NJ2I4NS4,Original,DISC,USD,Hop,US,IL
2/7/2020,10:25:00,9/1/2020,XC6TA77D,LBB3,26.84,1,Sale,,,,Original,VISA,USD,Hop,US,MN
2/7/2020,10:06:00,9/1/2020,ZZ2I4NNF,LBBEXTRA3,42.84,1,Sale,,ZZ2I4NCK,,Upsell,MSTR,USD,Hop,US,VA
2/7/2020,10:05:00,9/1/2020,ZZ2I4NCK,LBB1,10.66,1,Sale,,,ZZ2I4NNF,Original,MSTR,USD,Hop,US,VA
2/7/2020,9:41:00,9/1/2020,8KC46AQS,LBB3,26.84,1,Sale,,,,Original,VISA,USD,Hop,US,NC
2/7/2020,9:26:00,9/1/2020,SN2I4NPW,LBB6,98.75,1,Sale,,,,Original,VISA,USD,Hop,US,FL
2/7/2020,9:18:00,9/1/2020,9TGIP3ZS-B012,FBHSA17,42.06,1,Rebill,,,,Original,VISA,USD,Hop,US,OR
2/7/2020,9:03:00,9/1/2020,W6C46ACQ,FBHSA17,0,1,Sale-RB,,W6C46A7B,,Upsell,VISA,USD,Hop,US,TX
2/7/2020,9:02:00,9/1/2020,W6C46AHH,IMMBOX,26.56,1,Sale-RB,,W6C46A7B,,Upsell,VISA,USD,Hop,US,TX
2/7/2020,8:59:00,9/1/2020,W6C46A7B,LBB3,26.86,1,Sale,,,"W6C46AHH,W6C46ACQ",Original,VISA,USD,Hop,US,TX
2/7/2020,8:38:00,9/1/2020,ZXFJA7BR-B002,FBHSA17,42.06,1,Rebill,,,,Original,VISA,USD,Hop,US,CA
2/7/2020,8:35:00,9/1/2020,W6C46AWZ,LBB1,10.64,1,Sale,,,,Original,VISA,USD,Hop,US,CA
2/7/2020,8:30:00,9/1/2020,RG2I4NHH,LBB3,26.8,1,Sale,,,,Original,VISA,USD,Hop,US,AL
2/7/2020,8:25:00,9/1/2020,RG2I4N8R,LBB1,10.67,1,Sale,,,,Original,MSTR,USD,Hop,US,VA
2/7/2020,8:02:00,9/1/2020,FNM2U942,LBB3,26.86,1,Sale,,,,Original,PYPL,USD,Hop,US,MD
2/7/2020,7:57:00,9/1/2020,5TV86AKX-B002,LBHTEA1-N,77.25,1,Rebill,,,,Original,AMEX,USD,Hop,US,KS
2/7/2020,7:35:00,9/1/2020,Q2FIQNSZ-B006,LBHTEA1,77.43,1,Rebill,,,,Original,MSTR,USD,Hop,US,IA
2/7/2020,7:25:00,9/1/2020,ZKGIMNDZ-B002,FBHSA17,42.06,1,Rebill,,,,Original,VISA,USD,Hop,US,SC
2/7/2020,7:12:00,9/1/2020,GRFJUF9M-B012,FBHSA17,41.79,1,Rebill,,,,Original,VISA,USD,Hop,US,NM
2/7/2020,6:34:00,9/1/2020,HR6TA75F,LBB3,27,1,Sale,,,,Original,VISA,USD,Hop,US,FL
2/7/2020,6:01:00,9/1/2020,9G8JA7TR-B002,FBHSA17,42.06,1,Rebill,,,,Original,VISA,USD,Hop,US,CA
2/7/2020,5:49:00,9/1/2020,VCC46AGY,LBB1,10.65,1,Sale,,,,Original,VISA,USD,Hop,US,MS
3/7/2020,23:24:00,9/2/2020,DQRTA72Q,LBBEXTRA3,42.87,1,Sale,,DQRTA75Q,,Upsell,MSTR,USD,Hop,US,HI
3/7/2020,23:23:00,9/2/2020,DQRTA75Q,LBB6,97.8,1,Sale,,,DQRTA72Q,Original,MSTR,USD,Hop,US,HI
3/7/2020,21:53:00,9/2/2020,SHMTA7QW,LBBEXTRA3,42.82,1,Sale,,SHMTA7CT,,Upsell,VISA,USD,Hop,US,TX
3/7/2020,21:43:00,9/2/2020,SHMTA7CT,LBB3,26.86,1,Sale,,,SHMTA7QW,Original,VISA,USD,Hop,US,TX
3/7/2020,19:55:00,9/2/2020,B2MTA775,LBBEXTRA3,42.82,1,Sale,,B2MTA7TN,,Upsell,VISA,USD,Hop,US,TX
3/7/2020,19:53:00,9/2/2020,B2MTA7TN,LBB3,26.86,1,Sale,,,B2MTA775,Original,VISA,USD,Hop,US,TX
3/7/2020,17:21:00,N/A,L2P2U9G5,LBBEXTRA3,-42.74,1,Refund,,,,Original,MSTR,USD,Hop,US,NY
3/7/2020,17:21:00,N/A,L2P2U9PD,LBB3,-26.8,1,Refund,,,,Original,MSTR,USD,Hop,US,NY
3/7/2020,17:11:00,9/2/2020,37W46AGB,IMMBOX,26.7,1,Sale-RB,,37W46AY7,,Upsell,VISA,USD,Hop,US,VA
3/7/2020,17:08:00,9/2/2020,37W46AY7,LBB1,10.67,1,Sale,,,37W46AGB,Original,VISA,USD,Hop,US,VA
3/7/2020,16:08:00,9/2/2020,L2P2U9G5,LBBEXTRA3,42.74,1,Sale,,L2P2U9PD,,Upsell,MSTR,USD,Hop,US,NY
3/7/2020,16:04:00,9/2/2020,L2P2U9PD,LBB3,26.8,1,Sale,,,L2P2U9G5,Original,MSTR,USD,Hop,US,NY
3/7/2020,15:37:00,9/2/2020,W5KI4NM2,LBB1,10.65,1,Sale,,,,Original,PYPL,USD,Hop,US,MO
3/7/2020,15:32:00,9/2/2020,W5KI4N9T,LBB1,10.63,1,Sale,,,,Original,DISC,USD,Hop,US,TN
3/7/2020,14:40:00,9/2/2020,MPMTA7BT,IMMBOX,26.55,1,Sale-RB,,MPMTA7DC,,Upsell,VISA,USD,Hop,US,NE
3/7/2020,14:33:00,9/2/2020,MPMTA7YP,LBBEXTRA3,42.8,1,Sale,,MPMTA7DC,,Upsell,VISA,USD,Hop,US,NE
3/7/2020,14:29:00,9/2/2020,MPMTA7DC,LBB6,97.33,1,Sale,,,"MPMTA7YP,MPMTA7BT",Original,VISA,USD,Hop,US,NE
3/7/2020,14:12:00,9/2/2020,DVKI4N9L,LBBEXTRA3,42.76,1,Sale,,DVKI4NLL,,Upsell,MSTR,USD,Hop,US,NY
3/7/2020,14:11:00,9/2/2020,DVKI4NLL,LBB6,97.13,1,Sale,,,DVKI4N9L,Original,MSTR,USD,Hop,US,NY
3/7/2020,14:01:00,9/2/2020,DVKI4NFF,LBBEXTRA3,42.78,1,Sale,,DVKI4NDK,,Upsell,MSTR,USD,Hop,US,CA
3/7/2020,14:00:00,9/2/2020,DVKI4NDK,LBB1,10.64,1,Sale,,,DVKI4NFF,Original,MSTR,USD,Hop,US,CA
3/7/2020,13:39:00,9/2/2020,93KI4N98,LBB3,26.79,1,Sale,,,,Original,VISA,USD,Hop,US,CA
3/7/2020,11:58:00,9/2/2020,RFP2U9RM,LBBEXTRA3,42.82,1,Sale,,9RP2U9SW,,Upsell,VISA,USD,Hop,US,CT
3/7/2020,11:49:00,9/2/2020,9RP2U9SW,LBB3,26.86,1,Sale,,,RFP2U9RM,Original,VISA,USD,Hop,US,CT
3/7/2020,10:44:00,9/2/2020,9SW46AW7,IMMBOX,26.56,1,Sale-RB,,9SW46AHL,,Upsell,AMEX,USD,Hop,US,NJ
3/7/2020,10:41:00,9/2/2020,9SW46AY4,LBBEXTRA3,42.81,1,Sale,,9SW46AHL,,Upsell,AMEX,USD,Hop,US,NJ
3/7/2020,10:38:00,9/2/2020,9SW46AHL,LBB1,10.66,1,Sale,,,"9SW46AY4,9SW46AW7",Original,AMEX,USD,Hop,US,NJ
3/7/2020,9:43:00,9/2/2020,FCW46APQ,LBB1,10.68,1,Sale,,,,Original,PYPL,USD,Hop,US,LA
3/7/2020,9:12:00,9/2/2020,VSMTA7L2,LBB1,10.66,1,Sale,,,,Original,VISA,USD,Hop,US,MI
3/7/2020,4:11:00,9/2/2020,FXX3U96K-B006,FBHSA17,41.83,1,Rebill,,,,Original,MSTR,USD,Hop,US,TX
3/7/2020,4:09:00,9/2/2020,4MKI73RK-B012,LBHTEA1-N,78.55,1,Rebill,,,,Original,VISA,USD,Hop,US,OR
3/7/2020,3:51:00,9/2/2020,6HR46AT6,LBBEXTRA3,42.72,1,Sale,,6HR46A6V,,Upsell,PYPL,USD,Hop,US,TN
3/7/2020,3:48:00,9/2/2020,6HR46A6V,LBB1,10.63,1,Sale,,,6HR46AT6,Original,PYPL,USD,Hop,US,TN
4/7/2020,22:54:00,9/3/2020,KKR2U9YW,LBB3,27,1,Sale,,,,Original,PYPL,CAD,Hop,CA,Ontario
4/7/2020,21:03:00,9/3/2020,M4946AQN,LBB6,97.38,1,Sale,,,,Original,MSTR,USD,Hop,US,OH
4/7/2020,21:01:00,9/3/2020,M4946AXN,LBB1,10.66,1,Sale,,,,Original,VISA,USD,Hop,US,NC
4/7/2020,20:48:00,9/3/2020,M4946A6Y,LBB3,26.79,1,Sale,,,,Original,VISA,USD,Hop,US,CA
4/7/2020,20:32:00,9/3/2020,M4946ANH,LBB3,26.81,1,Sale,,,,Original,PYPL,USD,Hop,US,WA
4/7/2020,20:18:00,9/3/2020,Q5QI4N24,LBB3,26.82,1,Sale,,,,Original,PYPL,USD,Hop,US,CA
4/7/2020,19:58:00,9/3/2020,Z8R2U9QT,LBBEXTRA3,42.77,1,Sale,,Z8R2U97B,,Upsell,VISA,USD,Hop,US,WA
4/7/2020,19:56:00,9/3/2020,Z8R2U97B,LBB3,26.82,1,Sale,,,Z8R2U9QT,Original,VISA,USD,Hop,US,WA
4/7/2020,19:25:00,9/3/2020,Q5QI4NL2,LBB3,27,1,Sale,,,,Original,VISA,USD,Hop,US,MT
4/7/2020,19:07:00,9/3/2020,4VQI4NQ8,LBB6,97.33,1,Sale,,,,Original,DISC,USD,Hop,US,MS
4/7/2020,18:59:00,9/3/2020,ZP8TA7KC,LBB6,97.07,1,Sale,,,,Original,VISA,AUD,Hop,AU,QUEENSLAND
4/7/2020,18:34:00,9/3/2020,4VQI4N2W,LBBEXTRA3,42.8,1,Sale,,4VQI4N94,,Upsell,MSTR,USD,Hop,US,NC
4/7/2020,18:31:00,9/3/2020,4VQI4N94,LBB3,26.84,1,Sale,,,4VQI4N2W,Original,MSTR,USD,Hop,US,NC
4/7/2020,17:40:00,9/3/2020,VJ946AZ6,LBB3,26.86,1,Sale,,,,Original,PYPL,USD,Hop,US,IL
4/7/2020,17:34:00,9/3/2020,P78TA7DW,LBB3,27,1,Sale,,,,Original,PYPL,USD,Hop,GB,ESSEX
4/7/2020,16:25:00,9/3/2020,X88TA754,LBB3,26.86,1,Sale,,,,Original,VISA,USD,Hop,US,TX
4/7/2020,16:15:00,9/3/2020,5GQI4N2N,LBBEXTRA3,50.28,1,Sale,,5GQI4NH3,,Upsell,VISA,NZD,Hop,NZ,Wellington
4/7/2020,16:14:00,9/3/2020,5GQI4NH3,LBB6,96.23,1,Sale,,,5GQI4N2N,Original,VISA,NZD,Hop,NZ,Wellington
4/7/2020,16:09:00,9/3/2020,FX946APL,LBB3,26.86,1,Sale,,,,Original,MSTR,USD,Hop,US,CT
4/7/2020,15:33:00,9/3/2020,X88TA7VC,LBB3,26.86,1,Sale,,,,Original,VISA,USD,Hop,US,AZ
4/7/2020,15:19:00,9/3/2020,FX946AJT,LBB6,97.13,1,Sale,,,,Original,VISA,USD,Hop,US,NM
4/7/2020,15:10:00,9/3/2020,LRR2U9VR,LBB3,26.84,1,Sale,,,,Original,PYPL,USD,Hop,US,MS
4/7/2020,15:03:00,9/3/2020,GW946A9M,LBB3,26.8,1,Sale,,,,Original,VISA,USD,Hop,US,GA
4/7/2020,14:50:00,9/3/2020,DKQI4NZ4,LBBEXTRA3,42.8,1,Sale,,DKQI4N9M,,Upsell,PYPL,USD,Hop,US,MN
4/7/2020,14:48:00,9/3/2020,DKQI4N9M,LBB6,97.36,1,Sale,,,DKQI4NZ4,Original,PYPL,USD,Hop,US,MN
4/7/2020,13:57:00,9/3/2020,DKQI4NLT,LBB1,10.72,1,Sale,,,,Original,PYPL,USD,Hop,US,FL
4/7/2020,13:50:00,9/3/2020,QXR2U9RV,IMMBOX,26.7,1,Sale-RB,,QXR2U9ZF,,Upsell,MSTR,USD,Hop,US,ID
4/7/2020,13:47:00,9/3/2020,PTQI4NT8,LBB1,10.66,1,Sale,,,,Original,VISA,USD,Hop,US,TX
4/7/2020,13:41:00,9/3/2020,QXR2U949,LBBEXTRA3,42.84,1,Sale,,QXR2U9ZF,,Upsell,MSTR,USD,Hop,US,ID
4/7/2020,13:37:00,9/3/2020,QXR2U9ZF,LBB3,26.86,1,Sale,,,"QXR2U949,QXR2U9RV",Original,MSTR,USD,Hop,US,ID
4/7/2020,13:35:00,9/3/2020,QXR2U9WN,LBB3,26.85,1,Sale,,,,Original,VISA,USD,Hop,US,NC
4/7/2020,13:22:00,9/3/2020,4T946A4Q,LBBEXTRA3,42.8,1,Sale,,4T946AVQ,,Upsell,MSTR,USD,Hop,US,NC
4/7/2020,13:21:00,9/3/2020,4T946AVQ,LBB3,26.85,1,Sale,,,4T946A4Q,Original,MSTR,USD,Hop,US,NC
4/7/2020,12:56:00,9/3/2020,4T946A98,LBB3,26.84,1,Sale,,,,Original,VISA,USD,Hop,US,UT
4/7/2020,12:52:00,9/3/2020,XZRTA7SY,LBB3,26.86,1,Sale,,,,Original,VISA,USD,Hop,US,PA
4/7/2020,12:45:00,9/3/2020,4T946AMV,LBB1,10.66,1,Sale,,,,Original,VISA,USD,Hop,US,IL
4/7/2020,12:39:00,9/3/2020,57G2U9LK,LBB3,26.86,1,Sale,,,,Original,VISA,USD,Hop,US,TX
4/7/2020,12:15:00,9/3/2020,57G2U9M9,LBB1,10.66,1,Sale,,,,Original,VISA,USD,Hop,US,IL
4/7/2020,12:12:00,9/3/2020,57G2U97N,TGS6U1,134.42,1,Sale,,,,Original,PYPL,USD,Hop,US,PA
4/7/2020,12:11:00,9/3/2020,XZRTA7NR,LBB1,10.66,1,Sale,,,,Original,VISA,USD,Hop,US,MD
4/7/2020,12:09:00,9/3/2020,XZRTA7VM,LBB1,10.72,1,Sale,,,,Original,PYPL,USD,Hop,US,FL
4/7/2020,11:59:00,9/3/2020,XZRTA74S,LBB6,97.18,1,Sale,,,,Original,MSTR,USD,Hop,US,CA
4/7/2020,11:48:00,9/3/2020,BHRTA763,LBB1,10.71,1,Sale,,,,Original,VISA,CAD,Hop,CA,On
4/7/2020,11:42:00,N/A,LLG2U9LL,LBB1,-10.63,1,Refund,,,,Original,PYPL,USD,Hop,US,CA
4/7/2020,11:35:00,9/3/2020,YPS46A84,LBB1,10.66,1,Sale,,,,Original,MSTR,USD,Hop,US,NJ
4/7/2020,11:28:00,9/3/2020,MCG2U98T,LBB6,97.48,1,Sale,,,,Original,MSTR,USD,Hop,US,MA
4/7/2020,11:12:00,9/3/2020,BHRTA7DC,LBBEXTRA3,42.81,1,Sale,,BHRTA78C,,Upsell,PYPL,USD,Hop,US,UT
4/7/2020,11:11:00,9/3/2020,BHRTA78C,LBB1,10.65,1,Sale,,,BHRTA7DC,Original,PYPL,USD,Hop,US,UT
4/7/2020,11:10:00,9/3/2020,GSFI4NZT,LBB1,10.67,1,Sale,,,,Original,VISA,USD,Hop,US,VA
4/7/2020,11:10:00,9/3/2020,RPFI4NFC,LBB3,26.86,1,Sale,,,,Original,PYPL,USD,Hop,US,MA
4/7/2020,11:09:00,9/3/2020,BHRTA7XL,LBBEXTRA3,42.79,1,Sale,,BHRTA747,,Upsell,MSTR,USD,Hop,US,NC
4/7/2020,11:06:00,9/3/2020,BHRTA747,LBB3,26.84,1,Sale,,,BHRTA7XL,Original,MSTR,USD,Hop,US,NC
4/7/2020,10:56:00,9/3/2020,MCG2U9G9,LBBEXTRA3,42.82,1,Sale,,MCG2U9CF,,Upsell,AMEX,USD,Hop,US,TX
4/7/2020,10:55:00,9/3/2020,MCG2U9LF,LBB1,10.68,1,Sale,,,,Original,PYPL,USD,Hop,US,LA
4/7/2020,10:54:00,9/3/2020,MCG2U9CF,LBB6,97.48,1,Sale,,,MCG2U9G9,Original,AMEX,USD,Hop,US,TX
4/7/2020,10:36:00,9/3/2020,QVRTA7W4,LBB6,98.75,1,Sale,,,,Original,VISA,USD,Hop,US,AK
4/7/2020,10:28:00,9/3/2020,QVRTA7HG,LBBEXTRA3,42.81,1,Sale,,QVRTA7K9,,Upsell,VISA,USD,Hop,US,NJ
4/7/2020,10:27:00,9/3/2020,LLG2U9LL,LBB1,10.63,1,Sale,,,,Original,PYPL,USD,Hop,US,CA
4/7/2020,10:23:00,9/3/2020,LLG2U9GS,LBBEXTRA3,42.84,1,Sale,,LLG2U9RH,,Upsell,PYPL,USD,Hop,US,WI
4/7/2020,10:22:00,9/3/2020,QVRTA7K9,LBB3,26.85,1,Sale,,,QVRTA7HG,Original,VISA,USD,Hop,US,NJ
4/7/2020,10:21:00,9/3/2020,LLG2U9RH,LBB6,97.64,1,Sale,,,LLG2U9GS,Original,PYPL,USD,Hop,US,WI
4/7/2020,10:03:00,9/3/2020,RPFI4NCT,LBB3,26.84,1,Sale,,,,Original,PYPL,USD,Hop,US,UT
4/7/2020,9:52:00,9/3/2020,4FS46AQC,LBBEXTRA3,42.78,1,Sale,,4FS46ACT,,Upsell,VISA,USD,Hop,US,CA
4/7/2020,9:51:00,9/3/2020,4FS46ACT,LBB6,97.08,1,Sale,,,4FS46AQC,Original,VISA,USD,Hop,US,CA
4/7/2020,9:48:00,9/3/2020,QVRTA7S8,LBB3,26.82,1,Sale,,,,Original,AMEX,USD,Hop,US,CA
4/7/2020,9:47:00,N/A,JYS46AV8,LBBEXTRA3,-42.73,1,Refund,,,,Original,VISA,USD,Hop,US,AZ
4/7/2020,9:42:00,9/3/2020,GYFI4NX7,LBBEXTRA3,43.02,1,Sale,,GYFI4N7Y,,Upsell,VISA,USD,Hop,US,FL
4/7/2020,9:41:00,9/3/2020,GYFI4N7Y,LBB3,27,1,Sale,,,GYFI4NX7,Original,VISA,USD,Hop,US,FL
4/7/2020,9:37:00,9/3/2020,JYS46AL2,LBBEXTRA3,42.77,1,Sale,,JYS46ADG,,Upsell,PYPL,USD,Hop,US,AZ
4/7/2020,9:36:00,9/3/2020,JYS46ADG,LBB6,97.07,1,Sale,,,JYS46AL2,Original,PYPL,USD,Hop,US,AZ
4/7/2020,9:34:00,9/3/2020,VGRTA7CH,LBB1,10.63,1,Sale,,,,Original,MSTR,USD,Hop,US,CA
4/7/2020,9:26:00,9/3/2020,VGRTA7P3,LBB6,97.54,1,Sale,,,,Original,PYPL,USD,Hop,US,PA
4/7/2020,9:24:00,9/3/2020,GYFI4NHW,LBB3,26.8,1,Sale,,,,Original,VISA,USD,Hop,US,NY
4/7/2020,9:22:00,9/3/2020,CHG2U9LL,LBBEXTRA3,42.8,1,Sale,,CHG2U9TS,,Upsell,VISA,USD,Hop,US,UT
4/7/2020,9:20:00,9/3/2020,CHG2U9TS,LBB6,97.28,1,Sale,,,CHG2U9LL,Original,VISA,USD,Hop,US,UT
4/7/2020,9:19:00,9/3/2020,GYFI4N54,LBB3,26.82,1,Sale,,,,Original,VISA,USD,Hop,US,GA
4/7/2020,9:19:00,9/3/2020,CHG2U9QS,LBB3,27,1,Sale,,,,Original,DISC,USD,Hop,US,OR
4/7/2020,9:14:00,9/3/2020,JYS46AV8,LBBEXTRA3,42.73,1,Sale,,JYS46AMK,,Upsell,VISA,USD,Hop,US,AZ
4/7/2020,9:13:00,9/3/2020,JYS46AMK,LBB1,10.63,1,Sale,,,JYS46AV8,Original,VISA,USD,Hop,US,AZ
4/7/2020,8:38:00,9/3/2020,DRFI4N8P,LBB3,26.82,1,Sale,,,,Original,PYPL,USD,Hop,US,GA
4/7/2020,8:38:00,9/3/2020,VGRTA75Q,LBB3,26.86,1,Sale,,,,Original,PYPL,USD,Hop,US,VA
4/7/2020,8:36:00,9/3/2020,CHG2U9H6,LBB3,26.84,1,Sale,,,,Original,PYPL,USD,Hop,US,OH
4/7/2020,8:24:00,9/3/2020,WBG2U95S,LBB3,27,1,Sale,,,,Original,VISA,USD,Hop,US,DE
4/7/2020,8:17:00,9/3/2020,VGS46AK8,LBB3,26.86,1,Sale,,,,Original,PYPL,USD,Hop,US,IL
4/7/2020,8:11:00,9/3/2020,WBG2U9MD,LBB3,26.83,1,Sale,,,,Original,PYPL,USD,Hop,US,NC
4/7/2020,8:03:00,9/3/2020,DRFI4N7X,LBBEXTRA3,42.84,1,Sale,,DRFI4NTX,,Upsell,MSTR,USD,Hop,US,WI
4/7/2020,8:02:00,9/3/2020,DRFI4NTX,TGS3D1,23.19,1,Sale,,,DRFI4N7X,Original,MSTR,USD,Hop,US,WI
4/7/2020,7:58:00,9/3/2020,C5ZRU9CX-B006,FBHSA17,41.81,1,Rebill,,,,Original,PYPL,USD,Hop,US,NC
4/7/2020,7:57:00,9/3/2020,XQJIXNP2-B003,LBHTEA1,77.3,1,Rebill,,,,Original,PYPL,USD,Hop,US,AZ
4/7/2020,7:51:00,9/3/2020,2YRTA78B,IMMBOX,26.7,1,Sale-RB,,2YRTA75F,,Upsell,PYPL,USD,Hop,US,MA
4/7/2020,7:48:00,9/3/2020,2YRTA77K,LBBEXTRA3,42.84,1,Sale,,2YRTA75F,,Upsell,PYPL,USD,Hop,US,MA
4/7/2020,7:47:00,9/3/2020,2YRTA75F,LBB1,10.66,1,Sale,,,"2YRTA77K,2YRTA78B",Original,PYPL,USD,Hop,US,MA
4/7/2020,7:41:00,9/3/2020,9HS46A4F,LBBEXTRA3,43.02,1,Sale,,9HS46AQY,,Upsell,VISA,USD,Hop,US,FL
4/7/2020,7:37:00,9/3/2020,9HS46AQY,LBB6,98.75,1,Sale,,,9HS46A4F,Original,VISA,USD,Hop,US,FL
4/7/2020,7:35:00,9/3/2020,2YRTA7L6,LBBEXTRA3,50.78,1,Sale,,2YRTA7TS,,Upsell,MSTR,CAD,Hop,CA,Ontario
4/7/2020,7:33:00,9/3/2020,2YRTA7TS,LBB3,27,1,Sale,,,2YRTA7L6,Original,MSTR,CAD,Hop,CA,Ontario
4/7/2020,7:21:00,9/3/2020,KWZIFNG9-B007,FBHSA17,41.83,1,Rebill,,,,Original,PYPL,USD,Hop,US,TX
4/7/2020,7:21:00,9/3/2020,9HS46AJ5,LBB3,26.86,1,Sale,,,,Original,VISA,USD,Hop,US,TX
4/7/2020,6:56:00,9/3/2020,JKG2U99F,IMMBOX,26.56,1,Sale-RB,,JKG2U93N,,Upsell,MSTR,USD,Hop,US,TX
4/7/2020,6:55:00,9/3/2020,JKG2U98N,LBBEXTRA3,42.82,1,Sale,,JKG2U93N,,Upsell,MSTR,USD,Hop,US,TX
4/7/2020,6:54:00,9/3/2020,JKG2U93N,LBB6,97.48,1,Sale,,,"JKG2U98N,JKG2U99F",Original,MSTR,USD,Hop,US,TX
4/7/2020,6:22:00,9/3/2020,Z5FI4NKH,LBB6,98.75,1,Sale,,,,Original,PYPL,USD,Hop,US,FL
4/7/2020,6:19:00,9/3/2020,Z5FI4NT9,LBB1,10.66,1,Sale,,,,Original,VISA,USD,Hop,US,NJ
4/7/2020,5:54:00,9/3/2020,WTRTA7HD,LBBEXTRA3,42.82,1,Sale,,WTRTA7XW,,Upsell,VISA,USD,Hop,US,TX
4/7/2020,5:54:00,9/3/2020,Z5FI4NFN,LBBEXTRA3,50.09,1,Sale,,Z5FI4NCB,,Upsell,VISA,GBP,Hop,GB,Co.down N. IRE
4/7/2020,5:52:00,9/3/2020,WTRTA7XW,LBB6,97.48,1,Sale,,,WTRTA7HD,Original,VISA,USD,Hop,US,TX
4/7/2020,5:51:00,9/3/2020,Z5FI4NCB,LBB6,95.4,1,Sale,,,Z5FI4NFN,Original,VISA,GBP,Hop,GB,Co.down N. IRE
4/7/2020,5:14:00,9/3/2020,PKS46AYG,LBB1,10.67,1,Sale,,,,Original,VISA,USD,Hop,US,VA
4/7/2020,5:01:00,9/3/2020,K9G2U9PJ,LBBEXTRA3,42.74,1,Sale,,K9G2U97S,,Upsell,MSTR,USD,Hop,US,NY
4/7/2020,4:55:00,9/3/2020,K9G2U97S,LBB3,26.8,1,Sale,,,K9G2U9PJ,Original,MSTR,USD,Hop,US,NY
4/7/2020,4:43:00,9/3/2020,K9G2U9JB,LBB3,27,1,Sale,,,,Original,PYPL,USD,Hop,US,PR
4/7/2020,4:41:00,9/3/2020,GBRTA7V2,LBBEXTRA3,50.78,1,Sale,,GBRTA73G,,Upsell,MSTR,CAD,Hop,CA,Ontario
4/7/2020,4:38:00,9/3/2020,GBRTA73G,LBB6,98.76,1,Sale,,,GBRTA7V2,Original,MSTR,CAD,Hop,CA,Ontario
4/7/2020,4:07:00,9/3/2020,PKS46AVS,LBBEXTRA3,42.81,1,Sale,,PKS46AGW,,Upsell,VISA,USD,Hop,US,SD
4/7/2020,4:07:00,9/3/2020,8M72VANR-B013,LBHTEA1,24.89,1,Rebill,,,,Original,MSTR,USD,Hop,US,FL
4/7/2020,4:05:00,9/3/2020,PKS46AGW,LBB6,97.43,1,Sale,,,PKS46AVS,Original,VISA,USD,Hop,US,SD
4/7/2020,3:55:00,9/3/2020,QSNIMNYJ-B002,FBHSA17,42.06,1,Rebill,,,,Original,MSTR,USD,Hop,US,CA
4/7/2020,3:28:00,9/3/2020,K9G2U973,LBB1,10.72,1,Sale,,,,Original,PYPL,USD,Hop,GB,Lincs
4/7/2020,3:08:00,9/3/2020,W9S46A72,LBB1,10.64,1,Sale,,,,Original,PYPL,USD,Hop,US,SC
4/7/2020,2:54:00,9/3/2020,GBRTA768,LBBEXTRA3,42.89,1,Sale,,GBRTA7GR,,Upsell,MSTR,USD,Hop,US,LA
4/7/2020,2:52:00,9/3/2020,GBRTA7GR,LBB6,97.85,1,Sale,,,GBRTA768,Original,MSTR,USD,Hop,US,LA
4/7/2020,1:27:00,9/3/2020,DQRTA7B9,LBB1,10.65,1,Sale,,,,Original,VISA,USD,Hop,US,IN
4/7/2020,0:31:00,9/3/2020,DQRTA7LP,LBB3,26.85,1,Sale,,,,Original,MSTR,USD,Hop,US,NJ
4/7/2020,0:28:00,9/3/2020,DQRTA7PC,LBB3,26.86,1,Sale,,,,Original,PYPL,USD,Hop,US,VA
4/7/2020,0:23:00,9/3/2020,4XG2U9RQ,LBBEXTRA3,42.83,1,Sale,,4XG2U9L9,,Upsell,MSTR,USD,Hop,US,MI
4/7/2020,0:20:00,9/3/2020,4XG2U9L9,LBB3,26.86,1,Sale,,,4XG2U9RQ,Original,MSTR,USD,Hop,US,MI
5/7/2020,21:56:00,N/A,CWM8U9NY,LBBEXTRA3,-42.74,1,Refund,,,,Original,PYPL,USD,Hop,US,AR
5/7/2020,20:36:00,9/4/2020,L6Z46AWT,LBB3,26.86,1,Sale,,,,Original,VISA,USD,Hop,US,IL
5/7/2020,19:30:00,9/4/2020,V3N2U9BR,LBBEXTRA3,42.82,1,Sale,,V3N2U9GG,,Upsell,PYPL,USD,Hop,US,TX
5/7/2020,19:24:00,9/4/2020,V3N2U9GG,LBB3,26.86,1,Sale,,,V3N2U9BR,Original,PYPL,USD,Hop,US,TX
5/7/2020,19:14:00,9/4/2020,KFGI4NPR,LBB3,26.89,1,Sale,,,,Original,MSTR,USD,Hop,US,HI
5/7/2020,18:40:00,9/4/2020,CXN2U9XB,LBBEXTRA3,42.76,1,Sale,,CXN2U994,,Upsell,MSTR,USD,Hop,US,CA
5/7/2020,18:37:00,9/4/2020,CXN2U994,LBB1,10.64,1,Sale,,,CXN2U9XB,Original,MSTR,USD,Hop,US,CA
5/7/2020,18:31:00,9/4/2020,CXN2U925,LBB3,26.8,1,Sale,,,,Original,VISA,USD,Hop,US,OK
5/7/2020,18:31:00,9/4/2020,KRKTA7HK,LBB3,26.86,1,Sale,,,,Original,PYPL,USD,Hop,US,TX
5/7/2020,18:01:00,9/4/2020,TWZ46AVJ,LBB3,26.85,1,Sale,,,,Original,VISA,USD,Hop,US,OH
5/7/2020,17:32:00,9/4/2020,TWZ46AHT,LBB3,26.86,1,Sale,,,,Original,MSTR,USD,Hop,US,TX
5/7/2020,17:09:00,9/4/2020,NDX46AR2,LBBEXTRA3,42.77,1,Sale,,NDX46A8G,,Upsell,PYPL,USD,Hop,US,CA
5/7/2020,17:07:00,9/4/2020,NDX46A8G,LBB6,97.03,1,Sale,,,NDX46AR2,Original,PYPL,USD,Hop,US,CA
5/7/2020,15:58:00,9/4/2020,NXFTA76P,LBBEXTRA3,42.79,1,Sale,,NXFTA7B7,,Upsell,PYPL,USD,Hop,US,CA
5/7/2020,15:54:00,9/4/2020,NXFTA7B7,LBB1,10.65,1,Sale,,,NXFTA76P,Original,PYPL,USD,Hop,US,CA
5/7/2020,15:52:00,9/4/2020,3C32U96J,LBB3,26.72,1,Sale,,,,Original,VISA,NZD,Hop,NZ,
5/7/2020,15:33:00,9/4/2020,3C32U984,LBBEXTRA3,42.83,1,Sale,,3C32U96K,,Upsell,VISA,USD,Hop,US,PA
5/7/2020,15:28:00,9/4/2020,3C32U96K,LBB3,26.86,1,Sale,,,3C32U984,Original,VISA,USD,Hop,US,PA
5/7/2020,14:34:00,9/4/2020,VVFTA7MC,LBB3,27,1,Sale,,,,Original,MSTR,USD,Hop,US,FL
5/7/2020,14:26:00,9/4/2020,VPLI4N7V,LBB1,10.66,1,Sale,,,,Original,PYPL,USD,Hop,US,NJ
5/7/2020,14:09:00,9/4/2020,VVFTA7GQ,LBB1,10.64,1,Sale,,,,Original,VISA,USD,Hop,US,CA
5/7/2020,14:08:00,9/4/2020,9MX46ACB,LBB1,10.66,1,Sale,,,,Original,PYPL,USD,Hop,US,TX
5/7/2020,14:05:00,9/4/2020,VPLI4NJQ,LBB1,10.65,1,Sale,,,,Original,VISA,USD,Hop,US,SC
5/7/2020,13:52:00,9/4/2020,9MX46AX8,LBB1,10.64,1,Sale,,,,Original,PYPL,USD,Hop,US,CA
5/7/2020,13:43:00,9/4/2020,YHLI4N78,LBB1,10.72,1,Sale,,,,Original,VISA,USD,Hop,US,OR
5/7/2020,13:13:00,9/4/2020,GGX46A63,LBB3,27,1,Sale,,,,Original,DISC,USD,Hop,US,FL
5/7/2020,12:45:00,9/4/2020,GGX46ADB,LBB1,10.63,1,Sale,,,,Original,MSTR,USD,Hop,US,CA
5/7/2020,11:39:00,9/4/2020,VHX46A8H,LBBEXTRA3,42.83,1,Sale,,VHX46AJB,,Upsell,DISC,USD,Hop,US,PA
5/7/2020,11:37:00,9/4/2020,VHX46AJB,LBB6,97.54,1,Sale,,,VHX46A8H,Original,DISC,USD,Hop,US,PA
5/7/2020,11:25:00,9/4/2020,GRLI4NC2,LBB3,26.77,1,Sale,,,,Original,VISA,USD,Hop,US,AL
5/7/2020,10:41:00,9/4/2020,PNFTA7F8,LBBEXTRA3,43.02,1,Sale,,PNFTA7RR,,Upsell,VISA,USD,Hop,US,FL
5/7/2020,10:35:00,9/4/2020,PNFTA7RR,LBB3,27,1,Sale,,,PNFTA7F8,Original,VISA,USD,Hop,US,FL
5/7/2020,10:20:00,9/4/2020,LWFTA75V,IMMBOX,26.7,1,Sale-RB,,LWFTA7C3,,Upsell,PYPL,USD,Hop,US,FL
5/7/2020,10:18:00,9/4/2020,LWFTA7KV,LBBEXTRA3,43.02,1,Sale,,LWFTA7C3,,Upsell,PYPL,USD,Hop,US,FL
5/7/2020,10:17:00,9/4/2020,LWFTA7C3,LBB6,98.75,1,Sale,,,"LWFTA7KV,LWFTA75V",Original,PYPL,USD,Hop,US,FL
5/7/2020,10:01:00,N/A,V932U9ZS,LBB1,-10.66,1,Refund,,,,Original,PYPL,USD,Hop,US,NM
5/7/2020,9:30:00,9/4/2020,LWFTA7BQ,LBB3,26.91,1,Sale,,,,Original,DISC,USD,Hop,US,CO
5/7/2020,9:04:00,9/4/2020,JJFTA7BD,LBB3,26.86,1,Sale,,,,Original,VISA,USD,Hop,US,TX
5/7/2020,8:58:00,9/4/2020,PZLI4NHH,LBB1,10.66,1,Sale,,,,Original,PYPL,USD,Hop,US,MI
5/7/2020,8:52:00,N/A,SHMTA7QW,LBBEXTRA3,-42.82,1,Chargeback,,,,Original,VISA,USD,Hop,US,TX
5/7/2020,8:52:00,N/A,SHMTA7CT,LBB3,-26.86,1,Chargeback,,,,Original,VISA,USD,Hop,US,TX
5/7/2020,8:48:00,9/4/2020,JJFTA7WB,LBB3,26.86,1,Sale,,,,Original,VISA,USD,Hop,US,DC
5/7/2020,8:46:00,9/4/2020,PZLI4NH5,LBB1,10.66,1,Sale,,,,Original,VISA,USD,Hop,US,TX
5/7/2020,8:24:00,9/4/2020,LZ32U965,LBBEXTRA3,42.82,1,Sale,,LZ32U96D,,Upsell,PYPL,USD,Hop,US,NM
5/7/2020,8:21:00,9/4/2020,LZ32U96D,LBB3,26.85,1,Sale,,,LZ32U965,Original,PYPL,USD,Hop,US,NM
5/7/2020,8:06:00,9/4/2020,J8X46ARW,LBB3,26.8,1,Sale,,,,Original,VISA,USD,Hop,US,CA
5/7/2020,7:56:00,9/4/2020,9JX46AJN,LBB3,26.82,1,Sale,,,,Original,PYPL,USD,Hop,US,AZ
5/7/2020,7:55:00,9/4/2020,LZ32U9ZX,IMMBOX,26.7,1,Sale-RB,,V932U9FJ,,Upsell,VISA,USD,Hop,US,LA
5/7/2020,7:37:00,9/4/2020,V932U96W,LBBEXTRA3,42.89,1,Sale,,V932U9FJ,,Upsell,AMEX,USD,Hop,US,LA
5/7/2020,7:33:00,9/4/2020,V932U9FJ,LBB6,97.85,1,Sale,,,"V932U96W,LZ32U9ZX",Original,MSTR,USD,Hop,US,LA
5/7/2020,7:29:00,9/4/2020,V932U9ZS,LBB1,10.66,1,Sale,,,,Original,PYPL,USD,Hop,US,NM
5/7/2020,6:56:00,9/4/2020,V932U9G9,FBHSA17,0,1,Sale-RB,,V932U9GG,,Upsell,PYPL,USD,Hop,US,FL
5/7/2020,6:44:00,9/4/2020,V932U9GG,LBB3,27,1,Sale,,,V932U9G9,Original,PYPL,USD,Hop,US,FL
5/7/2020,5:00:00,9/4/2020,9SX46A78,LBB3,26.85,1,Sale,,,,Original,VISA,USD,Hop,US,OH
5/7/2020,4:24:00,9/4/2020,5V2PU9K8-B007,LBHTEA1,77.44,1,Rebill,,,,Original,MSTR,USD,Hop,US,IL
5/7/2020,4:13:00,9/4/2020,FNVIMNRC-B002,FBHSA17,42.06,1,Rebill,,,,Original,VISA,USD,Hop,US,NH
5/7/2020,4:03:00,9/4/2020,7CVVU9T8-B002,LBHTEA1-N,77.44,1,Rebill,,,,Original,VISA,USD,Hop,US,TX
5/7/2020,3:58:00,9/4/2020,W7QC6ALS-B008,LBHTEA1,77.32,1,Rebill,,,,Original,VISA,USD,Hop,US,NY
5/7/2020,3:53:00,9/4/2020,WZMFU9HT-B005,FBHSA17,42.06,1,Rebill,,,,Original,AMEX,USD,Hop,US,CA
6/7/2020,21:07:00,9/5/2020,27F2U98K,LBBEXTRA3,42.76,1,Sale,,27F2U9F5,,Upsell,MSTR,USD,Hop,US,OH
6/7/2020,21:01:00,9/5/2020,27F2U9F5,LBB3,26.82,1,Sale,,,27F2U98K,Original,MSTR,USD,Hop,US,OH
6/7/2020,20:21:00,9/5/2020,27F2U9NF,LBBEXTRA3,42.84,1,Sale,,27F2U9RN,,Upsell,VISA,USD,Hop,US,KY
6/7/2020,20:17:00,9/5/2020,27F2U9RN,LBB1,10.66,1,Sale,,,27F2U9NF,Original,VISA,USD,Hop,US,KY
6/7/2020,19:27:00,9/5/2020,2VBTA7X2,LBBEXTRA3,42.84,1,Sale,,2VBTA7Y2,,Upsell,VISA,USD,Hop,US,ID
6/7/2020,19:26:00,9/5/2020,2VBTA7Y2,LBB1,10.66,1,Sale,,,2VBTA7X2,Original,VISA,USD,Hop,US,ID
6/7/2020,19:01:00,9/5/2020,SJF2U9YD,LBB3,27,1,Sale,,,,Original,VISA,USD,Hop,US,OR
6/7/2020,18:57:00,9/5/2020,SJF2U9MD,LBB3,26.82,1,Sale,,,,Original,VISA,USD,Hop,US,GA
6/7/2020,18:11:00,9/5/2020,NMV46AXV,LBB3,26.87,1,Sale,,,,Original,PYPL,USD,Hop,US,ME
6/7/2020,17:36:00,9/5/2020,8HF2U9CT,LBBEXTRA3,42.75,1,Sale,,8HF2U9KB,,Upsell,VISA,USD,Hop,US,AZ
6/7/2020,17:30:00,9/5/2020,8HF2U9KB,LBB6,96.89,1,Sale,,,8HF2U9CT,Original,VISA,USD,Hop,US,AZ
6/7/2020,17:00:00,9/5/2020,MGBTA7DC,TGS3D1,23.16,1,Sale,,,,Original,PYPL,USD,Hop,US,OH
6/7/2020,16:56:00,9/5/2020,D93I4N2M,LBBEXTRA3,42.82,1,Sale,,D93I4N9Z,,Upsell,VISA,USD,Hop,US,CT
6/7/2020,16:55:00,9/5/2020,D93I4N9Z,LBB1,10.66,1,Sale,,,D93I4N2M,Original,VISA,USD,Hop,US,CT
6/7/2020,16:34:00,9/5/2020,HGV46AXJ,LBB1,10.66,1,Sale,,,,Original,MSTR,USD,Hop,US,MD
6/7/2020,15:01:00,9/5/2020,WNBTA75F,LBB1,10.64,1,Sale,,,,Original,PYPL,USD,Hop,US,CO
6/7/2020,12:16:00,9/5/2020,BZ3I4NRG,IMMBOX,26.56,1,Sale-RB,,BZ3I4NNL,,Upsell,DISC,USD,Hop,US,IL
6/7/2020,12:11:00,9/5/2020,BZ3I4NML,LBBEXTRA3,42.82,1,Sale,,BZ3I4NNL,,Upsell,DISC,USD,Hop,US,IL
6/7/2020,12:10:00,9/5/2020,BZ3I4NNL,LBB6,97.48,1,Sale,,,"BZ3I4NML,BZ3I4NRG",Original,DISC,USD,Hop,US,IL
6/7/2020,11:46:00,9/5/2020,MKV46AST,LBB1,10.72,1,Sale,,,,Original,PYPL,USD,Hop,US,FL
6/7/2020,11:44:00,9/5/2020,S6V46AYP,LBB1,10.72,1,Sale,,,,Original,PYPL,USD,Hop,US,FL
6/7/2020,11:27:00,9/5/2020,G7BTA7Y5,LBBEXTRA3,42.74,1,Sale,,G7BTA7GN,,Upsell,VISA,USD,Hop,US,CA
6/7/2020,11:25:00,9/5/2020,G7BTA7GN,LBB3,26.79,1,Sale,,,G7BTA7Y5,Original,VISA,USD,Hop,US,CA
6/7/2020,11:14:00,9/5/2020,WN3I4N7M,LBB1,10.64,1,Sale,,,,Original,VISA,USD,Hop,US,CA
6/7/2020,11:05:00,9/5/2020,G7BTA73K,LBB6,97.28,1,Sale,,,,Original,MSTR,USD,Hop,US,UT
6/7/2020,10:47:00,N/A,9TGIP3ZS-B012,FBHSA17,-42.06,1,Refund,,,,Original,VISA,USD,Hop,US,OR
6/7/2020,9:39:00,9/5/2020,L8BTA7JX,LBB1,10.63,1,Sale,,,,Original,MSTR,USD,Hop,US,TN
6/7/2020,9:24:00,9/5/2020,TQ3I4NP7,LBBEXTRA3,42.82,1,Sale,,TQ3I4NRY,,Upsell,PYPL,USD,Hop,US,TX
6/7/2020,9:22:00,9/5/2020,TQ3I4NRY,LBB6,97.48,1,Sale,,,TQ3I4NP7,Original,PYPL,USD,Hop,US,TX
6/7/2020,9:11:00,9/5/2020,L8BTA7JD,LBB6,97.33,1,Sale,,,,Original,MSTR,USD,Hop,US,OH
6/7/2020,9:02:00,N/A,9QC46ASR,LBB6,-98.75,1,Refund,,,,Original,MSTR,USD,Hop,US,OR
6/7/2020,8:58:00,9/5/2020,BSV46A9Q,LBB1,10.66,1,Sale,,,,Original,AMEX,USD,Hop,US,IL
6/7/2020,7:47:00,9/5/2020,BK3I4N23,LBB3,26.84,1,Sale,,,,Original,VISA,USD,Hop,US,OH
6/7/2020,7:38:00,9/5/2020,BK3I4NWK,IMMBOX,26.57,1,Sale-RB,,BK3I4NL2,,Upsell,MSTR,USD,Hop,US,PA
6/7/2020,7:36:00,9/5/2020,BK3I4NVB,LBBEXTRA3,42.83,1,Sale,,BK3I4NL2,,Upsell,MSTR,USD,Hop,US,PA
6/7/2020,7:34:00,9/5/2020,BK3I4NL2,LBB3,26.86,1,Sale,,,"BK3I4NVB,BK3I4NWK",Original,MSTR,USD,Hop,US,PA
6/7/2020,7:11:00,9/5/2020,KTV46ATM,LBB6,97.03,1,Sale,,,,Original,PYPL,USD,Hop,US,CA
6/7/2020,7:11:00,9/5/2020,K6F2U99T,LBB1,10.64,1,Sale,,,,Original,VISA,USD,Hop,US,PA
6/7/2020,5:58:00,9/5/2020,DXKTA7VJ,LBBEXTRA3,42.76,1,Sale,,DXKTA74C,,Upsell,PYPL,USD,Hop,US,NY
6/7/2020,5:55:00,9/5/2020,DXKTA74C,TGS3D1,23.14,1,Sale,,,DXKTA7VJ,Original,PYPL,USD,Hop,US,NY
6/7/2020,5:39:00,9/5/2020,DXKTA7FK,LBBEXTRA3,42.82,1,Sale,,DXKTA7ZR,,Upsell,PYPL,USD,Hop,US,TX
6/7/2020,5:37:00,9/5/2020,DXKTA7ZR,LBB1,10.66,1,Sale,,,DXKTA7FK,Original,PYPL,USD,Hop,US,TX
6/7/2020,4:14:00,9/5/2020,QGPI93SJ-B014,FBHSA17,41.84,1,Rebill,,,,Original,VISA,USD,Hop,US,PA
6/7/2020,4:01:00,9/5/2020,7YW3VA6R-B010,LBHTEA1,42.77,1,Rebill,,,,Original,DISC,USD,Hop,US,FL
6/7/2020,3:54:00,9/5/2020,GHDGU9D9-B007,FBHSA17,42.06,1,Rebill,,,,Original,VISA,USD,Hop,US,OK
7/7/2020,15:59:00,9/6/2020,NVXI4NGN,LBB3,26.88,1,Sale,,,,Original,VISA,USD,Hop,US,VA
7/7/2020,15:21:00,9/6/2020,K3XI4NC7,LBBEXTRA3,42.8,1,Sale,,K3XI4NH7,,Upsell,MSTR,USD,Hop,US,OH
7/7/2020,15:20:00,9/6/2020,K3XI4NH7,LBB6,97.38,1,Sale,,,K3XI4NC7,Original,MSTR,USD,Hop,US,OH
7/7/2020,15:02:00,9/6/2020,3BLTA7QC,LBB3,26.84,1,Sale,,,,Original,MSTR,USD,Hop,US,IN
7/7/2020,14:36:00,9/6/2020,3BLTA7GM,LBB3,26.81,1,Sale,,,,Original,PYPL,USD,Hop,US,AR
7/7/2020,14:18:00,9/6/2020,K3XI4NYF,LBB1,10.66,1,Sale,,,,Original,PYPL,USD,Hop,US,TX
7/7/2020,13:27:00,9/6/2020,GQXI4NXJ,LBB3,26.81,1,Sale,,,,Original,VISA,USD,Hop,US,CA
7/7/2020,12:55:00,9/6/2020,GQXI4NBL,LBB1,10.72,1,Sale,,,,Original,PYPL,USD,Hop,US,FL
7/7/2020,12:32:00,9/6/2020,KRJ46A6M,LBB1,10.65,1,Sale,,,,Original,VISA,USD,Hop,US,IN
7/7/2020,12:14:00,9/6/2020,8BXI4N96,LBBEXTRA3,43.02,1,Sale,,8BXI4NL6,,Upsell,VISA,USD,Hop,US,FL
7/7/2020,12:12:00,9/6/2020,8BXI4NL6,LBB3,27,1,Sale,,,8BXI4N96,Original,VISA,USD,Hop,US,FL
7/7/2020,11:24:00,9/6/2020,3TXI4NGC,LBB3,26.84,1,Sale,,,,Original,DISC,USD,Hop,US,IN
7/7/2020,11:21:00,9/6/2020,KRJ46ABR,LBBEXTRA3,42.82,1,Sale,,KRJ46ANC,,Upsell,MSTR,USD,Hop,US,TX
7/7/2020,11:19:00,9/6/2020,KRJ46ANC,LBB3,26.86,1,Sale,,,KRJ46ABR,Original,MSTR,USD,Hop,US,TX
7/7/2020,10:52:00,9/6/2020,3TXI4NY4,LBBEXTRA3,42.78,1,Sale,,3TXI4N7M,,Upsell,VISA,USD,Hop,US,WA
7/7/2020,10:50:00,9/6/2020,3TXI4N7M,LBB3,26.83,1,Sale,,,3TXI4NY4,Original,VISA,USD,Hop,US,WA
7/7/2020,10:44:00,9/6/2020,3TXI4N9V,LBB3,26.86,1,Sale,,,,Original,DISC,USD,Hop,US,PA
7/7/2020,10:40:00,9/6/2020,56Q2U97N,IMMBOX,26.7,1,Sale-RB,,56Q2U9MX,,Upsell,AMEX,USD,Hop,US,KY
7/7/2020,10:28:00,9/6/2020,56Q2U9RP,LBBEXTRA3,42.84,1,Sale,,56Q2U9MX,,Upsell,AMEX,USD,Hop,US,KY
7/7/2020,10:25:00,9/6/2020,56Q2U9MX,LBB3,26.86,1,Sale,,,"56Q2U9RP,56Q2U97N",Original,AMEX,USD,Hop,US,KY
7/7/2020,10:23:00,9/6/2020,QD646A6J,LBB3,26.63,1,Sale,,,,Original,PYPL,GBP,Hop,GB,
7/7/2020,10:23:00,9/6/2020,PSLTA7SQ,LBBEXTRA3,42.81,1,Sale,,PSLTA7GS,,Upsell,VISA,USD,Hop,US,NJ
7/7/2020,10:20:00,9/6/2020,QD646ATJ,LBBEXTRA3,42.8,1,Sale,,QD646AR6,,Upsell,VISA,USD,Hop,US,MN
7/7/2020,10:19:00,9/6/2020,PSLTA7GS,LBB1,10.66,1,Sale,,,PSLTA7SQ,Original,VISA,USD,Hop,US,NJ
7/7/2020,10:19:00,9/6/2020,QD646AR6,LBB6,97.36,1,Sale,,,QD646ATJ,Original,VISA,USD,Hop,US,MN
7/7/2020,10:16:00,9/6/2020,3TXI4NST,IMMBOX,26.56,1,Sale-RB,,QSNI4N9C,,Upsell,DISC,USD,Hop,US,TX
7/7/2020,10:13:00,9/6/2020,3TXI4NKT,LBBEXTRA3,42.82,1,Sale,,QSNI4N9C,,Upsell,DISC,USD,Hop,US,TX
7/7/2020,10:12:00,9/6/2020,QX7TA7J4,LBB3,26.84,1,Sale,,,,Original,PYPL,USD,Hop,US,IN
7/7/2020,10:11:00,9/6/2020,QSNI4N9C,LBB6,97.48,1,Sale,,,"3TXI4NKT,3TXI4NST",Original,DISC,USD,Hop,US,TX
7/7/2020,10:10:00,9/6/2020,MY92U9KL,LBB3,26.81,1,Sale,,,,Original,MSTR,USD,Hop,US,AZ
7/7/2020,9:44:00,9/6/2020,8P646A7Y,LBBEXTRA3,42.81,1,Sale,,8P646A82,,Upsell,VISA,USD,Hop,US,NJ
7/7/2020,9:42:00,9/6/2020,8P646A82,LBB3,26.85,1,Sale,,,8P646A7Y,Original,VISA,USD,Hop,US,NJ
7/7/2020,9:35:00,9/6/2020,8P646AQH,LBB3,26.86,1,Sale,,,,Original,VISA,USD,Hop,US,MD
7/7/2020,9:28:00,9/6/2020,8P646A35,LBB1,10.63,1,Sale,,,,Original,MSTR,USD,Hop,US,AZ
7/7/2020,9:12:00,N/A,S6V46AYP,rfnd-0004,-1,1,Charge,,,,Original,,,Hop,,
7/7/2020,9:12:00,N/A,S6V46AYP,LBB1,-10.72,1,Refund,,,,Original,PYPL,USD,Hop,US,FL
7/7/2020,9:06:00,9/6/2020,HV7TA78H,LBB3,26.77,1,Sale,,,,Original,MSTR,USD,Hop,US,AL
7/7/2020,8:48:00,9/6/2020,DPNI4N26,LBB3,26.86,1,Sale,,,,Original,MSTR,USD,Hop,US,TX
7/7/2020,8:39:00,9/6/2020,DPNI4NQ4,LBB3,27,1,Sale,,,,Original,VISA,USD,Hop,US,OR
7/7/2020,8:04:00,9/6/2020,KF646AZX,LBB1,10.72,1,Sale,,,,Original,VISA,USD,Hop,US,FL
7/7/2020,6:21:00,N/A,SN2I4NPW,LBB6,-98.75,1,Refund,,,,Original,VISA,USD,Hop,US,FL
7/7/2020,6:21:00,N/A,SN2I4NPW,rfnd-0004,-1,1,Charge,,,,Original,,,Hop,,
7/7/2020,4:10:00,9/6/2020,2FNMA75H-B007,LBHTEA1,77.45,1,Rebill,,,,Original,VISA,USD,Hop,US,PA
7/7/2020,4:05:00,9/6/2020,8H3T6AMW-B009,FBHSA17,42.06,1,Rebill,,,,Original,VISA,USD,Hop,US,NV
7/7/2020,4:03:00,9/6/2020,M2THUFCQ-B013,LBHTEA1,24.8,1,Rebill,,,,Original,VISA,USD,Hop,US,MD
7/7/2020,3:58:00,9/6/2020,JHDPA7MX-B002,LBHTEA1-N,77.26,1,Rebill,,,,Original,VISA,USD,Hop,US,WA